1,1,2.86,2,5,2,16,,0,0.133906013,1,0.318791946,1,0.849808848,2,20,2,15.15,2,18.75
1,2,10.71,2,4.88,2,12.5,,1,0.530570995,1,0.310738255,1,0.658656472,1,0.21,1,0.25,1,0.44
1,2,20,1,7.41,1,5.56,,1,1,0,0.480536913,0,0.279628618,,,,,,
1,2,2.5,1,2.22,2,13.89,,1,0.115715008,0,0.132214765,1,0.734571273,,,,,,
1,2,12.5,2,3.44,1,5.13,,1,0.621020718,1,0.21409396,0,0.256144184,,,,,,
1,2,10,1,7.14,2,14.81,,1,0.49469429,0,0.462416107,1,0.78481704,,,,,,
1,2,9.67,1,4.35,2,17.85,,1,0.478019202,0,0.275167785,1,0.950846532,,,,,,
1,2,9.09,2,6.66,2,13.52,,1,0.44871147,1,0.430201342,1,0.714363736,,,,,,
1,2,12.5,1,6.9,1,7.5,,1,0.621020718,0,0.446308725,0,0.385581649,,,,,,
1,2,4.87,1,6.38,2,13.79,,1,0.235472461,0,0.411409396,1,0.729109776,,,,,,
1,2,2.39,2,9.67,2,16.67,,1,0.110156645,1,0.632214765,1,0.886400874,,,,,,
1,2,9.09,1,3.33,2,13.16,,1,0.44871147,0,0.206711409,1,0.694702348,,,,,,
1,2,11.77,1,6.46,1,9.75,,1,0.584133401,0,0.416778523,0,0.508465319,,,,,,
1,2,11.43,1,3.12,1,7.15,,1,0.566953007,0,0.19261745,0,0.366466412,,,,,,
1,2,5.89,1,3.03,2,12.82,,1,0.287013643,0,0.186577181,1,0.676133261,,,,,,
1,2,11.11,1,8.34,1,9.3,,1,0.550783224,0,0.54295302,0,0.483888585,,,,,,
1,2,5.71,2,15.15,2,18.75,,1,0.27791814,1,1,1,1,,,,,,
1,2,5.55,1,5.88,2,12.5,,1,0.269833249,0,0.377852349,1,0.658656472,,,,,,
1,2,5.41,2,11.77,1,9.09,,1,0.262758969,1,0.773154362,0,0.472419443,,,,,,
1,2,7.89,2,8.57,1,6.67,,1,0.388074785,1,0.558389262,0,0.340251229,,,,,,
1,2,2.28,2,8.33,2,12.2,,1,0.104598282,1,0.542281879,1,0.642271983,,,,,,
1,2,4.44,1,8.16,1,8.69,,1,0.213744315,0,0.530872483,0,0.450573457,,,,,,
1,2,2.17,1,8,2,15.15,,1,0.099039919,0,0.520134228,1,0.803386128,,,,,,
1,2,13.52,1,5.88,2,17.65,,1,0.6725619,0,0.377852349,1,0.939923539,,,,,,
1,2,4.26,1,8.57,2,9.52,,1,0.204648813,0,0.558389262,1,0.495903878,,,,,,
1,2,2.08,2,5.41,2,14.28,,1,0.094492168,1,0.346308725,1,0.755871109,,,,,,
1,2,10.52,2,2.63,2,16.67,,1,0.520970187,1,0.159731544,1,0.886400874,,,,,,
1,2,7.69,2,2.5,2,11.37,,1,0.377968671,1,0.151006711,1,0.596941562,,,,,,
1,2,10,1,11.12,1,8.52,,1,0.49469429,0,0.729530201,0,0.441288913,,,,,,
1,2,2.05,2,2.44,1,10.42,,1,0.092976251,1,0.146979866,0,0.545057346,,,,,,
1,2,7.32,1,3.84,2,13.52,,1,0.35927236,0,0.240939597,1,0.714363736,,,,,,
1,2,10,1,10.81,2,10.52,,1,0.49469429,0,0.708724832,1,0.550518842,,,,,,
1,2,7.14,1,5.66,2,7.69,,1,0.350176857,0,0.363087248,1,0.395958493,,,,,,
1,2,6.82,2,2.32,1,10.21,,1,0.334007074,1,0.138926174,0,0.533588203,,,,,,
1,2,6.66,1,13.16,1,10,,1,0.325922183,0,0.866442953,0,0.522119061,,,,,,
1,2,9.52,1,10.26,2,4.76,,1,0.470439616,0,0.671812081,1,0.235936647,,,,,,
1,2,6.97,1,10,1,9.43,,1,0.34158666,0,0.654362416,0,0.490988531,,,,,,
1,2,4.54,1,3.64,2,8.89,,1,0.218797372,0,0.227516779,1,0.46149645,,,,,,
1,2,2.22,1,1.78,2,4.65,,1,0.101566448,0,0.102684564,1,0.229929001,,,,,,
1,2,2.18,1,12.2,1,9.26,,1,0.099545225,0,0.802013423,0,0.481703987,,,,,,
1,2,4.25,2,2.17,1,7.27,,1,0.204143507,1,0.12885906,0,0.373020208,,,,,,
1,2,2.08,1,11.9,2,8.69,,1,0.094492168,0,0.781879195,1,0.450573457,,,,,,
1,1,2.08,1,1.72,2,8.51,,0,0.094492168,0,0.098657718,1,0.440742764,,,,,,
1,2,1.97,1,9.3,2,8.34,,1,0.088933805,0,0.60738255,1,0.43145822,,,,,,
1,2,3.84,1,9.1,1,3.45,,1,0.183425973,0,0.593959732,0,0.164391043,,,,,,
1,2,1.96,1,2.04,2,10.2,,1,0.088428499,0,0.120134228,1,0.533042054,,,,,,
1,2,5.36,1,10.86,1,4.76,,1,0.260232441,0,0.712080537,0,0.235936647,,,,,,
1,2,1.85,2,1.96,1,2.08,,1,0.082870136,1,0.114765101,0,0.089568542,,,,,,
1,2,3.85,1,2.98,2,11.54,,1,0.183931278,0,0.183221477,1,0.606226106,,,,,,
1,2,6.9,2,3.85,1,4.61,,1,0.33804952,1,0.241610738,0,0.227744402,,,,,,
1,2,8.48,1,12.5,2,11.32,,1,0.417887822,0,0.822147651,1,0.594210814,,,,,,
1,2,8.33,2,5.66,1,4.54,,1,0.410308236,1,0.363087248,0,0.223921354,,,,,,
1,2,1.76,1,12.24,1,4.48,,1,0.078322385,0,0.804697987,0,0.220644457,,,,,,
1,2,9.83,1,2.94,1,5.88,,1,0.486104093,0,0.180536913,0,0.297105407,,,,,,
1,2,1.88,2,5.56,1,7.25,,1,0.084386054,1,0.356375839,0,0.371927908,,,,,,
1,2,1.79,1,6.94,1,1.92,,1,0.079838302,0,0.448993289,0,0.080830147,,,,,,
1,2,7.93,2,3.57,1,1.89,,1,0.390096008,1,0.222818792,0,0.079191699,,,,,,
1,1,1.69,2,5.26,1,8.33,,0,0.074785245,1,0.336241611,0,0.43091207,,,,,,
1,2,3.51,1,12,1,8.22,,1,0.166750884,0,0.788590604,0,0.424904424,,,,,,
1,2,6.25,1,6.85,1,9.46,,1,0.305204649,0,0.44295302,0,0.49262698,,,,,,
1,2,5.18,1,6.75,1,1.85,,1,0.251136938,0,0.436241611,0,0.0770071,,,,,,
1,2,7.69,1,6.67,1,9.33,,1,0.377968671,0,0.430872483,0,0.485527034,,,,,,
1,2,7.57,1,6.58,1,7.89,,1,0.371905003,0,0.424832215,0,0.406881486,,,,,,
1,2,7.47,1,9.8,1,7.79,,1,0.366851945,0,0.640939597,0,0.401419989,,,,,,
1,2,1.61,1,3.85,1,3.64,,1,0.070742799,0,0.241610738,0,0.174767886,,,,,,
1,2,7.36,1,7.55,1,1.79,,1,0.361293583,0,0.489932886,0,0.073730202,,,,,,
1,2,5.08,1,7.27,1,3.51,,1,0.246083881,0,0.47114094,0,0.167667941,,,,,,
1,2,1.54,1,5.07,1,8.86,,1,0.067205659,0,0.323489933,0,0.459858001,,,,,,
1,2,5.8,2,6.78,1,7.5,,1,0.282465892,1,0.438255034,0,0.385581649,,,,,,
1,2,6.67,1,7.14,2,10.72,,1,0.326427489,0,0.462416107,1,0.561441835,,,,,,
1,2,7.14,1,3.75,2,8.77,,1,0.350176857,0,0.234899329,1,0.454942654,,,,,,
1,2,7.04,1,8.77,1,1.7,,1,0.3451238,0,0.571812081,0,0.068814855,,,,,,
1,2,6.56,1,6.9,2,10.17,,1,0.320869126,0,0.446308725,1,0.531403605,,,,,,
1,2,1.5,1,6.78,1,7.4,,1,0.065184437,0,0.438255034,0,0.380120153,,,,,,
1,2,8.33,1,2.46,1,7.32,,1,0.410308236,0,0.148322148,0,0.375750956,,,,,,
1,2,8.22,1,6.66,1,8.43,,1,0.404749874,0,0.430201342,0,0.436373566,,,,,,
1,2,1.47,1,2.44,1,1.67,,1,0.063668519,0,0.146979866,0,0.067176406,,,,,,
1,2,1.45,1,2.41,1,7.14,,1,0.062657908,0,0.144966443,0,0.365920262,,,,,,
1,2,3.17,2,6.55,2,8.2,,1,0.14957049,1,0.422818792,1,0.423812125,,,,,,
1,2,1.57,2,6.45,1,8.23,,1,0.068721577,1,0.416107383,0,0.425450573,,,,,,
1,1,1.4,1,1.16,1,8.14,,0,0.060131379,0,0.061073826,0,0.420535227,,,,,,
1,2,1.33,2,4.61,1,8.79,,1,0.05659424,1,0.29261745,0,0.456034954,,,,,,
1,2,8,2,1.11,1,8.7,,1,0.393633148,1,0.057718121,0,0.451119607,,,,,,
1,2,9.21,1,7.81,1,9.68,,1,0.454775139,0,0.50738255,0,0.504642272,,,,,,
1,2,7.79,1,7.69,2,1.54,,1,0.383021728,0,0.499328859,1,0.060076461,,,,,,
1,1,1.45,2,1.1,2,7.94,,0,0.062657908,1,0.05704698,1,0.409612234,,,,,,
1,2,1.32,2,3.03,1,8.42,,1,0.056088934,1,0.186577181,0,0.435827417,,,,,,
1,1,1.4,1,7.58,1,7.3,,0,0.060131379,0,0.491946309,0,0.374658656,,,,,,
1,2,1.23,2,1.45,1,5.1,,1,0.051541182,1,0.080536913,0,0.254505735,,,,,,
1,2,8.97,2,2.85,2,5.97,,1,0.442647802,1,0.174496644,1,0.302020754,,,,,,
1,2,7.59,1,7.46,2,1.52,,1,0.372915614,0,0.483892617,1,0.058984162,,,,,,
1,1,1.38,1,1.05,1,5.05,,0,0.059120768,0,0.053691275,0,0.251774986,,,,,,
1,2,2.41,1,7.35,1,3.96,,1,0.111167256,0,0.476510067,0,0.192244675,,,,,,
1,2,7.5,2,1.03,2,7.35,,1,0.368367863,1,0.052348993,1,0.377389405,,,,,,
1,2,2.38,1,7.25,2,7.25,,1,0.109651339,0,0.469798658,1,0.371927908,,,,,,
1,2,3.52,2,1.02,1,3.92,,1,0.16725619,1,0.051677852,0,0.190060076,,,,,,
1,2,8.65,2,1.01,1,3.88,,1,0.426478019,1,0.051006711,0,0.187875478,,,,,,
1,2,4.65,2,2.82,1,4.76,,1,0.224355735,1,0.172483221,0,0.235936647,,,,,,
1,2,7.22,2,0.99,2,2.98,,1,0.354219303,1,0.04966443,1,0.13872201,,,,,,
1,1,2.74,1,5.71,2,7.14,,0,0.127842345,0,0.366442953,1,0.365920262,,,,,,
1,1,1.35,1,4.22,1,4.72,,0,0.057604851,0,0.266442953,0,0.233752048,,,,,,
1,2,7.15,1,5.56,1,4.67,,1,0.350682163,0,0.356375839,0,0.2310213,,,,,,
1,2,4.59,2,4.17,1,4.63,,1,0.221323901,1,0.263087248,0,0.228836701,,,,,,
1,2,5.68,1,5.48,1,3.67,,1,0.276402223,0,0.351006711,0,0.176406335,,,,,,
1,2,7.06,2,1.96,2,7.04,,1,0.346134411,1,0.114765101,1,0.360458766,,,,,,
1,2,4.49,1,5.41,1,3.64,,1,0.216270844,0,0.346308725,0,0.174767886,,,,,,
1,1,1.33,2,0.97,1,4.5,,0,0.05659424,1,0.048322148,0,0.221736756,,,,,,
1,2,4.44,2,2.74,2,2.94,,1,0.213744315,1,0.167114094,1,0.136537411,,,,,,
1,2,5.5,2,4.06,1,3.57,,1,0.267306721,1,0.255704698,0,0.170944839,,,,,,
1,2,6.98,1,5.34,2,6.95,,1,0.342091966,0,0.341610738,1,0.355543419,,,,,,
1,1,2.63,2,5.33,1,3.51,,0,0.122283982,1,0.340939597,0,0.167667941,,,,,,
1,1,3.9,1,3.95,1,4.34,,0,0.186457807,0,0.248322148,0,0.212998362,,,,,,
1,1,2.56,1,2.59,2,2.9,,0,0.118746842,0,0.15704698,1,0.134352813,,,,,,
1,2,6.89,1,2.56,1,3.45,,1,0.337544214,0,0.155033557,0,0.164391043,,,,,,
1,2,4.25,1,0.94,1,4.27,,1,0.204143507,0,0.046308725,0,0.209175314,,,,,,
1,2,5.26,2,5.26,2,1.43,,1,0.255179384,1,0.336241611,1,0.054068815,,,,,,
1,2,5.68,1,1.87,2,2.82,,1,0.276402223,0,0.108724832,1,0.129983616,,,,,,
1,1,2.53,2,5.19,2,6.76,,0,0.117230925,1,0.331543624,1,0.345166576,,,,,,
1,2,6.25,1,2.78,1,5.08,,1,0.305204649,0,0.169798658,0,0.253413435,,,,,,
1,2,5.62,2,5.13,2,2.78,,1,0.273370389,1,0.327516779,1,0.127799017,,,,,,
1,2,6.19,1,2.75,1,4.2,,1,0.302172815,0,0.167785235,0,0.205352267,,,,,,
1,2,7.14,1,3.64,2,5.33,,1,0.350176857,0,0.227516779,1,0.267067176,,,,,,
1,2,6.67,2,6.33,2,4.11,,1,0.326427489,1,0.408053691,1,0.20043692,,,,,,
1,2,5.49,1,3.8,2,5.26,,1,0.266801415,0,0.238255034,1,0.263244129,,,,,,
1,1,2.5,2,5,1,3.33,,0,0.115715008,1,0.318791946,0,0.157837247,,,,,,
1,2,6.06,2,6.18,2,5.2,,1,0.29560384,1,0.397986577,1,0.259967231,,,,,,
1,1,1.24,1,5,1,3.3,,0,0.052046488,0,0.318791946,0,0.156198798,,,,,,
1,2,6.53,2,4.88,1,4.1,,1,0.319353209,1,0.310738255,0,0.19989077,,,,,,
1,2,7.52,2,4.81,2,4.05,,1,0.369378474,1,0.306040268,1,0.197160022,,,,,,
1,2,7.44,1,2.7,1,4.06,,1,0.365336028,0,0.16442953,0,0.197706171,,,,,,
1,2,5,1,4.94,1,4.03,,1,0.242041435,0,0.314765101,0,0.196067723,,,,,,
1,2,6.31,2,4.76,2,4,,1,0.308236483,1,0.302684564,1,0.194429274,,,,,,
1,1,1.2,1,3.54,1,5.55,,0,0.050025265,0,0.220805369,0,0.279082469,,,,,,
1,1,2.38,1,4.39,2,3.95,,0,0.109651339,0,0.277852349,1,0.191698525,,,,,,
1,1,2.35,2,5.88,1,5.51,,0,0.108135422,1,0.377852349,0,0.27689787,,,,,,
1,2,4.95,1,6.1,1,5.47,,1,0.239514907,0,0.39261745,0,0.274713271,,,,,,
1,2,3.92,2,6.98,1,5.43,,1,0.187468418,1,0.451677852,0,0.272528673,,,,,,
1,1,3.49,1,6.02,1,6.16,,0,0.165740273,0,0.387248322,0,0.312397597,,,,,,
1,1,3.44,1,4.34,2,5.19,,0,0.163213744,0,0.274496644,1,0.259421081,,,,,,
1,2,3.88,1,4.31,2,6.41,,1,0.185447196,0,0.272483221,1,0.326051338,,,,,,
1,2,4.81,1,5.13,2,5.07,,1,0.232440627,0,0.327516779,1,0.252867286,,,,,,
1,2,6.25,2,6.89,2,5.13,,1,0.305204649,1,0.445637584,1,0.256144184,,,,,,
1,2,3.81,1,5.08,1,6.1,,1,0.181910056,0,0.324161074,0,0.309120699,,,,,,
1,1,3.4,1,5.04,1,5.31,,0,0.161192521,0,0.32147651,0,0.265974877,,,,,,
1,2,2.83,1,5.83,2,3.75,,1,0.132390096,0,0.374496644,1,0.180775532,,,,,,
1,1,2.24,2,5.68,2,6.33,,0,0.102577059,1,0.36442953,1,0.321682141,,,,,,
1,2,7.21,2,4.5,2,3.7,,1,0.353713997,1,0.285234899,1,0.178044784,,,,,,
1,2,6.12,2,3.34,1,5.26,,1,0.298635675,1,0.20738255,0,0.263244129,,,,,,
1,1,3.33,2,2.19,1,5.22,,0,0.157655382,1,0.130201342,0,0.26105953,,,,,,
1,1,2.2,2,3.26,1,4.44,,0,0.100555836,1,0.202013423,0,0.218459858,,,,,,
1,2,6.06,1,5.95,2,2.44,,1,0.29560384,0,0.382550336,1,0.109229929,,,,,,
1,2,3.74,1,6.61,2,7.5,,1,0.178372916,0,0.426845638,1,0.385581649,,,,,,
1,2,5,2,3.22,2,1.21,,1,0.242041435,1,0.199328859,1,0.042053523,,,,,,
1,1,1.09,1,7.38,2,7.4,,0,0.044466902,0,0.47852349,1,0.380120153,,,,,,
1,2,4.95,2,2.13,1,5.14,,1,0.239514907,1,0.126174497,0,0.256690333,,,,,,
1,2,2.78,2,2.11,2,6.1,,1,0.129863567,1,0.124832215,1,0.309120699,,,,,,
1,1,1.08,1,8.13,2,6.02,,0,0.043961597,0,0.52885906,1,0.304751502,,,,,,
1,2,2.75,2,2.09,1,4.38,,1,0.12834765,1,0.123489933,0,0.21518296,,,,,,
1,2,2.73,1,8.06,2,2.38,,1,0.127337039,0,0.524161074,1,0.105953031,,,,,,
1,2,2.7,1,8,2,3.53,,1,0.125821122,0,0.520134228,1,0.16876024,,,,,,
1,2,2.68,1,7.93,2,2.32,,1,0.12481051,0,0.515436242,1,0.102676133,,,,,,
1,2,2.65,1,8.66,2,7.14,,1,0.123294593,0,0.56442953,1,0.365920262,,,,,,
1,2,2.63,2,1.03,2,1.15,,1,0.122283982,1,0.052348993,1,0.038776625,,,,,,
1,2,2.6,2,1.02,2,7.06,,1,0.120768065,1,0.051677852,1,0.361551065,,,,,,
1,2,2.58,1,9.38,1,3.62,,1,0.119757453,0,0.612751678,0,0.173675587,,,,,,
1,2,1.7,2,1.01,2,1.14,,1,0.075290551,1,0.051006711,1,0.038230475,,,,,,
1,1,1.06,1,9.3,1,2.87,,0,0.042950985,0,0.60738255,0,0.132714364,,,,,,
1,1,1.05,2,1,2,5.81,,0,0.04244568,1,0.05033557,1,0.293282359,,,,,,
1,2,5.88,1,4.71,2,4.55,,1,0.286508338,0,0.299328859,1,0.224467504,,,,,,
1,2,5.82,1,5.82,2,5.62,,1,0.283476503,0,0.373825503,1,0.282905516,,,,,,
1,2,0.83,2,1.98,1,1.12,,1,0.031328954,1,0.116107383,0,0.037138176,,,,,,
1,2,5.77,1,4.6,2,4.44,,1,0.280949975,0,0.291946309,1,0.218459858,,,,,,
1,2,0.82,1,5.68,2,4.4,,1,0.030823648,0,0.36442953,1,0.216275259,,,,,,
1,2,0.82,2,1.96,1,3.54,,1,0.030823648,1,0.114765101,0,0.16930639,,,,,,
1,2,1.62,1,8.27,1,2.82,,1,0.071248105,0,0.538255034,0,0.129983616,,,,,,
1,2,1.61,1,4.45,1,1.09,,1,0.070742799,0,0.281879195,0,0.035499727,,,,,,
1,2,0.8,1,8.21,2,4.35,,1,0.029813037,0,0.534228188,1,0.213544511,,,,,,
1,1,1.03,1,8.88,1,3.5,,0,0.041435068,0,0.579194631,0,0.167121791,,,,,,
1,1,2.04,2,1.94,2,3.22,,0,0.092470945,1,0.113422819,1,0.151829601,,,,,,
1,1,2.02,1,8.82,2,2.12,,0,0.091460334,0,0.575167785,1,0.09175314,,,,,,
1,1,1,1,9.42,1,1.08,,0,0.039919151,0,0.615436242,0,0.034953577,,,,,,
1,2,4.72,2,2.88,1,3.47,,1,0.227892875,1,0.176510067,0,0.165483342,,,,,,
1,1,0.99,1,5.49,1,2.75,,0,0.039413845,0,0.351677852,0,0.126160568,,,,,,
1,1,0.78,1,6.52,2,2.09,,0,0.028802425,0,0.420805369,1,0.090114691,,,,,,
1,1,1.96,2,4.72,2,1.03,,0,0.088428499,1,0.3,1,0.032222829,,,,,,
1,1,2.91,1,5.37,2,1.02,,0,0.136432542,0,0.343624161,1,0.031676679,,,,,,
1,1,3.84,1,6.39,1,2.06,,0,0.183425973,0,0.412080537,0,0.088476242,,,,,,
1,1,3.81,2,4.67,1,3.16,,0,0.181910056,1,0.296644295,0,0.148552703,,,,,,
1,1,0.78,1,9.35,2,1.01,,0,0.028802425,0,0.610738255,1,0.03113053,,,,,,
1,2,3.74,1,8.51,1,1.35,,1,0.178372916,0,0.554362416,0,0.049699618,,,,,,
1,1,4.71,1,7.37,1,2.08,,0,0.227387569,0,0.477852349,0,0.089568542,,,,,,
1,1,3.73,2,5.56,1,3.1,,0,0.17786761,1,0.356375839,0,0.145275806,,,,,,
1,2,0.76,1,8.45,2,0.99,,1,0.027791814,0,0.55033557,1,0.03003823,,,,,,
1,2,4.58,1,8.39,1,3.06,,1,0.220818595,0,0.546308725,0,0.143091207,,,,,,
1,2,4.55,1,9.02,1,1.34,,1,0.219302678,0,0.588590604,0,0.049153468,,,,,,
1,2,1.51,2,6.42,1,0.67,,1,0.065689742,1,0.41409396,0,0.012561442,,,,,,
1,2,4.5,1,7.22,1,3.03,,1,0.21677615,0,0.467785235,0,0.141452758,,,,,,
1,2,1.51,1,8.96,1,0.66,,1,0.065689742,0,0.584563758,0,0.012015292,,,,,,
1,2,1.48,1,9.52,1,3,,1,0.064173825,0,0.622147651,0,0.139814309,,,,,,
1,2,1.47,2,6.36,2,0.65,,1,0.063668519,1,0.410067114,1,0.011469143,,,,,,
1,2,0.73,1,10.13,1,3.96,,1,0.026275897,0,0.663087248,0,0.192244675,,,,,,
1,1,3.7,2,5.41,2,1.96,,0,0.176351693,1,0.346308725,1,0.083014746,,,,,,
1,2,1.45,2,5.36,1,2.94,,1,0.062657908,1,0.34295302,0,0.136537411,,,,,,
1,2,5.36,1,10.07,1,2.91,,1,0.260232441,0,0.659060403,0,0.134898962,,,,,,
1,2,6.2,1,9.33,2,0.65,,1,0.30267812,0,0.609395973,1,0.011469143,,,,,,
1,1,2.75,1,9.27,2,0.97,,0,0.12834765,0,0.605369128,1,0.028945931,,,,,,
1,2,5.21,1,9.87,2,1.93,,1,0.252652855,0,0.645637584,1,0.081376297,,,,,,
1,2,0.72,2,5.31,1,2.88,,1,0.025770591,1,0.339597315,0,0.133260513,,,,,,
1,1,2.73,1,10.46,2,0.64,,0,0.127337039,0,0.685234899,1,0.010922993,,,,,,
1,2,0.72,2,6.14,1,1.91,,1,0.025770591,1,0.395302013,0,0.080283998,,,,,,
1,2,0.71,1,6.06,1,1.89,,1,0.025265285,0,0.389932886,0,0.079191699,,,,,,
1,1,2.7,1,9.74,2,0.63,,0,0.125821122,0,0.636912752,1,0.010376843,,,,,,
1,1,0.7,1,4.9,2,0.63,,0,0.02475998,0,0.312080537,1,0.010376843,,,,,,
1,1,2.65,2,5.21,2,2.86,,0,0.123294593,1,0.332885906,1,0.132168214,,,,,,
1,2,5.17,2,6.03,1,2.8,,1,0.250631632,1,0.387919463,0,0.128891316,,,,,,
1,1,1.38,1,4.86,2,3.77,,0,0.059120768,0,0.309395973,1,0.181867832,,,,,,
1,1,3.51,1,10.25,1,2.78,,0,0.166750884,0,0.67114094,0,0.127799017,,,,,,
1,2,5.13,1,10.12,1,0.61,,1,0.248610409,0,0.662416107,0,0.009284544,,,,,,
1,1,0.68,1,9.43,2,3.74,,0,0.023749368,0,0.616107383,1,0.180229383,,,,,,
1,2,5.94,1,3.84,1,1.22,,1,0.289540172,0,0.240939597,0,0.042599672,,,,,,
1,2,5.88,1,2.86,2,3.71,,1,0.286508338,0,0.175167785,1,0.178590934,,,,,,
1,1,0.68,1,1.89,1,0.6,,0,0.023749368,0,0.110067114,0,0.008738394,,,,,,
1,1,0.67,1,2.81,1,3.67,,0,0.023244063,0,0.171812081,0,0.176406335,,,,,,
1,1,0.67,2,5.98,2,3.67,,0,0.023244063,1,0.384563758,1,0.176406335,,,,,,
1,1,1.33,1,8.74,1,1.2,,0,0.05659424,0,0.569798658,0,0.041507373,,,,,,
1,1,2.59,1,3.7,2,3.64,,0,0.120262759,0,0.231543624,1,0.174767886,,,,,,
1,1,1.99,2,5.94,1,1.2,,0,0.089944416,1,0.381879195,0,0.041507373,,,,,,
1,1,2.57,1,8.08,1,1.19,,0,0.119252148,0,0.525503356,0,0.040961223,,,,,,
1,1,1.98,1,2.75,1,0.59,,0,0.089439111,0,0.167785235,0,0.008192245,,,,,,
1,1,2.62,1,3.64,1,3.63,,0,0.121778676,0,0.227516779,0,0.174221737,,,,,,
1,1,2.54,2,6.72,1,0.59,,0,0.11773623,1,0.434228188,0,0.008192245,,,,,,
1,1,2.6,1,4.5,1,1.17,,0,0.120768065,0,0.285234899,0,0.039868924,,,,,,
1,1,3.22,2,6.67,2,4.5,,0,0.152097019,1,0.430872483,1,0.221736756,,,,,,
1,1,2.52,1,8.03,1,4.51,,0,0.116725619,0,0.522147651,0,0.222282906,,,,,,
1,1,3.21,1,7.98,2,4.47,,0,0.151591713,0,0.518791946,1,0.220098307,,,,,,
1,1,2.55,1,7.32,1,0.58,,0,0.118241536,0,0.474496644,0,0.007646095,,,,,,
1,2,5,1,5.36,1,5.36,,1,0.242041435,0,0.34295302,0,0.268705625,,,,,,
1,1,2.5,2,7.44,2,3.54,,0,0.115715008,1,0.482550336,1,0.16930639,,,,,,
1,1,2.53,1,5.31,2,3.5,,0,0.117230925,0,0.339597315,1,0.167121791,,,,,,
1,1,1.89,1,6.67,1,0.58,,0,0.084891359,0,0.430872483,0,0.007646095,,,,,,
1,2,4.95,1,4.38,1,0.58,,1,0.239514907,0,0.277181208,0,0.007646095,,,,,,
1,1,2.5,1,3.48,1,1.15,,0,0.115715008,0,0.216778523,0,0.038776625,,,,,,
1,1,3.3,1,2.59,2,4.34,,0,0.156139464,0,0.15704698,1,0.212998362,,,,,,
1,1,4.1,1,3.41,1,5.31,,0,0.196563921,0,0.212080537,0,0.265974877,,,,,,
1,1,4.87,2,8.2,1,1.13,,0,0.235472461,1,0.533557047,0,0.037684326,,,,,,
1,1,4.83,1,2.54,1,1.13,,0,0.233451238,0,0.153691275,0,0.037684326,,,,,,
1,1,3.1,1,3.36,1,1.13,,0,0.14603335,0,0.208724832,0,0.037684326,,,,,,
1,1,4.8,2,7.31,1,1.12,,0,0.231935321,1,0.473825503,0,0.037138176,,,,,,
1,1,2.47,2,6.45,1,0.55,,0,0.11419909,1,0.416107383,0,0.006007646,,,,,,
1,2,4.92,2,6.4,1,5.26,,1,0.237998989,1,0.412751678,0,0.263244129,,,,,,
1,1,2.44,1,3.33,1,5.22,,0,0.112683173,0,0.206711409,0,0.26105953,,,,,,
1,1,3.97,1,4.13,2,0.55,,0,0.189994947,0,0.260402685,1,0.006007646,,,,,,
1,2,5.69,2,6.35,1,4.31,,1,0.276907529,1,0.409395973,0,0.211359913,,,,,,
1,2,5.64,1,5.95,1,5.13,,1,0.274381001,0,0.382550336,0,0.256144184,,,,,,
1,1,3.61,2,7.08,2,3.45,,0,0.171803941,1,0.458389262,1,0.164391043,,,,,,
1,1,3.15,1,4.92,2,3.41,,0,0.148559879,0,0.313422819,1,0.162206445,,,,,,
1,2,4.8,2,7.82,2,1.09,,1,0.231935321,1,0.508053691,1,0.035499727,,,,,,
1,1,2.34,1,4.06,1,5.93,,0,0.107630116,0,0.255704698,0,0.299836155,,,,,,
1,2,4.76,1,4.04,2,2.54,,1,0.229914098,0,0.254362416,1,0.114691425,,,,,,
1,1,3,1,5.32,2,1.68,,0,0.140980293,0,0.340268456,1,0.067722556,,,,,,
1,2,5.51,1,4.8,2,1.67,,1,0.267812026,0,0.305369128,1,0.067176406,,,,,,
1,2,4.68,2,7.75,2,0.54,,1,0.225871652,1,0.503355705,1,0.005461496,,,,,,
1,1,2.32,1,5.88,2,2.48,,0,0.106619505,0,0.377852349,1,0.111414528,,,,,,
1,1,3.57,2,6.92,1,5.04,,0,0.169782719,1,0.447651007,0,0.251228837,,,,,,
1,1,1.54,2,7.64,1,5.84,,0,0.067205659,1,0.495973154,0,0.294920808,,,,,,
1,2,5.43,1,4.76,2,3.28,,1,0.263769581,0,0.302684564,1,0.155106499,,,,,,
1,2,6.16,1,6.43,1,4.96,,1,0.300656897,0,0.414765101,0,0.24685964,,,,,,
1,2,6.87,2,7.58,1,5.74,,1,0.336533603,1,0.491946309,0,0.289459312,,,,,,
1,2,7.58,1,6.4,2,3.25,,1,0.372410308,0,0.412751678,1,0.15346805,,,,,,
1,2,7.52,1,6.36,2,0.54,,1,0.369378474,0,0.410067114,1,0.005461496,,,,,,
1,1,4.14,1,5.74,2,0.53,,0,0.198585144,0,0.368456376,1,0.004915347,,,,,,
1,1,0.77,1,3.94,2,1.07,,0,0.02829712,0,0.247651007,1,0.034407428,,,,,,
1,2,8.21,1,3.91,1,4.88,,1,0.404244568,0,0.245637584,0,0.242490442,,,,,,
1,2,8.89,1,5.71,1,4.03,,1,0.438605356,0,0.366442953,0,0.196067723,,,,,,
1,2,8.82,1,6.25,1,3.2,,1,0.435068216,0,0.402684564,0,0.150737302,,,,,,
1,1,4.7,2,7.52,1,3.97,,0,0.226882264,1,0.487919463,0,0.192790825,,,,,,
1,1,1.52,1,6.21,2,4.04,,0,0.066195048,0,0.4,1,0.196613872,,,,,,
1,1,0.75,1,6.18,1,3.15,,0,0.027286508,0,0.397986577,0,0.148006554,,,,,,
1,2,8.76,1,6.7,1,3.91,,1,0.432036382,0,0.432885906,0,0.189513927,,,,,,
1,1,5.26,2,6.71,2,4.8,,0,0.255179384,1,0.433557047,1,0.238121245,,,,,,
1,2,8.7,2,5.88,2,3.97,,1,0.429004548,1,0.377852349,1,0.192790825,,,,,,
1,1,4.65,1,6.11,2,4.73,,0,0.224355735,0,0.393288591,1,0.234298198,,,,,,
1,2,8.63,1,3.1,1,3.85,,1,0.425467408,0,0.191275168,0,0.186237029,,,,,,
1,1,4.04,1,3.08,1,4.58,,0,0.193532087,0,0.189932886,0,0.226105953,,,,,,
1,2,9.28,1,6.07,2,5.47,,1,0.458312279,0,0.390604027,1,0.274713271,,,,,,
1,2,9.22,1,5.5,1,5.3,,1,0.455280445,0,0.352348993,0,0.265428727,,,,,,
1,1,4.02,1,3.05,2,6.2,,0,0.192521475,0,0.187919463,1,0.314582196,,,,,,
1,1,3.43,1,6.01,1,6.02,,0,0.162708439,0,0.386577181,0,0.304751502,,,,,,
1,2,9.15,2,5.84,2,5.39,,1,0.451743305,1,0.375167785,1,0.270344074,,,,,,
1,1,2.84,1,5.98,2,5.34,,0,0.132895402,0,0.384563758,1,0.267613326,,,,,,
1,2,8.4,1,5.94,2,1.59,,1,0.413845376,0,0.381879195,1,0.062807209,,,,,,
1,2,0.74,1,6.45,1,5.97,,1,0.026781203,0,0.416107383,0,0.302020754,,,,,,
1,2,9.03,2,5.07,2,1.05,,1,0.445679636,1,0.323489933,1,0.033315128,,,,,,
1,2,8.96,2,5.75,2,4.55,,1,0.442142496,1,0.369127517,1,0.224467504,,,,,,
1,1,2.82,1,2.28,2,4.51,,0,0.13188479,0,0.136241611,1,0.222282906,,,,,,
1,1,2.25,1,1.5,2,1.57,,0,0.103082365,0,0.083892617,1,0.06171491,,,,,,
1,2,9.59,1,1.49,1,6.66,,1,0.473976756,0,0.083221477,0,0.339705079,,,,,,
1,2,9.52,1,6.95,2,3.73,,1,0.470439616,0,0.44966443,1,0.179683233,,,,,,
1,1,2.24,2,5.72,2,2.96,,0,0.102577059,1,0.367114094,1,0.137629711,,,,,,
1,1,1.67,1,6.39,2,2.2,,0,0.073774634,0,0.412080537,1,0.096122338,,,,,,
1,2,10.13,1,1.48,2,1.46,,1,0.501263264,0,0.082550336,1,0.055707264,,,,,,
1,2,10.07,1,6.35,2,2.17,,1,0.49823143,0,0.409395973,1,0.094483889,,,,,,
1,1,2.21,1,5.79,1,7.35,,0,0.101061142,0,0.371812081,0,0.377389405,,,,,,
1,1,2.2,2,4.22,1,6.52,,0,0.100555836,1,0.266442953,0,0.332058984,,,,,,
1,1,1.64,2,4.9,2,1.04,,0,0.072258717,1,0.312080537,1,0.032768979,,,,,,
1,2,10,1,2.92,2,2.14,,1,0.49469429,0,0.179194631,1,0.09284544,,,,,,
1,1,2.18,2,4.17,2,2.83,,0,0.099545225,1,0.263087248,1,0.130529765,,,,,,
1,1,0.72,2,3.45,1,7.19,,0,0.025770591,1,0.214765101,0,0.36865101,,,,,,
1,1,0.71,2,2.74,2,2.82,,0,0.025265285,1,0.167114094,1,0.129983616,,,,,,
1,1,1.62,2,2.72,2,0.52,,0,0.071248105,1,0.165771812,1,0.004369197,,,,,,
1,2,10.59,1,5.24,2,2.8,,1,0.524507327,0,0.334899329,1,0.128891316,,,,,,
1,2,11.11,2,2.7,2,3.47,,1,0.550783224,1,0.16442953,1,0.165483342,,,,,,
1,1,1.62,1,5.73,1,7.86,,0,0.071248105,0,0.367785235,0,0.405243037,,,,,,
1,1,2.14,2,2.02,2,4.13,,0,0.097524002,1,0.118791946,1,0.201529219,,,,,,
1,1,0.72,2,2,1,8.51,,0,0.025770591,1,0.117449664,0,0.440742764,,,,,,
1,1,2.13,1,5.18,2,3.42,,0,0.097018696,0,0.330872483,1,0.162752594,,,,,,
1,1,2.12,1,4.32,2,3.4,,0,0.096513391,0,0.273154362,1,0.161660295,,,,,,
1,1,2.11,2,2.65,1,0.52,,0,0.096008085,1,0.161073826,0,0.004369197,,,,,,
1,1,2.1,1,5,2,3.38,,0,0.095502779,0,0.318791946,1,0.160567996,,,,,,
1,1,2.09,2,3.29,1,0.51,,0,0.094997473,1,0.204026846,0,0.003823048,,,,,,
1,1,1.55,1,5.67,1,0.51,,0,0.067710965,0,0.363758389,0,0.003823048,,,,,,
1,2,11.03,2,3.26,1,0.51,,1,0.546740778,1,0.202013423,0,0.003823048,,,,,,
1,1,1.02,1,4.93,1,9.15,,0,0.040929763,0,0.31409396,0,0.475696341,,,,,,
1,2,10.32,1,4.9,2,3.35,,1,0.510864073,0,0.312080537,1,0.158929547,,,,,,
1,1,0.71,1,4.61,2,0.5,,0,0.025265285,0,0.29261745,1,0.003276898,,,,,,
1,1,0.51,1,4.59,1,9.79,,0,0.015159171,0,0.291275168,0,0.510649918,,,,,,
1,2,10.9,1,4.57,2,2.66,,1,0.540171804,0,0.289932886,1,0.121245221,,,,,,
1,2,10.19,1,5.05,2,3.31,,1,0.504295099,0,0.322147651,1,0.156744948,,,,,,
1,1,0.71,2,3.25,1,10.41,,0,0.025265285,1,0.201342282,0,0.544511196,,,,,,
1,2,9.43,1,4.47,2,3.25,,1,0.465891865,0,0.283221477,1,0.15346805,,,,,,
1,1,0.51,1,3.96,1,10.34,,0,0.015159171,0,0.248993289,0,0.540688149,,,,,,
1,2,9.38,1,4.44,2,3.87,,1,0.463365336,0,0.281208054,1,0.187329328,,,,,,
1,2,0.49,1,4.88,1,0.98,,1,0.01414856,0,0.310738255,0,0.029492081,,,,,,
1,2,9.31,2,3.18,2,4.45,,1,0.459828196,1,0.196644295,1,0.219006008,,,,,,
1,2,0.49,2,3.79,1,9.4,,1,0.01414856,1,0.237583893,0,0.489350082,,,,,,
1,2,0.97,1,4.73,1,0.97,,1,0.038403234,0,0.300671141,0,0.028945931,,,,,,
1,2,9.88,1,5.34,1,0.49,,1,0.488630622,0,0.341610738,0,0.002730748,,,,,,
1,2,9.2,2,3.14,1,9.33,,1,0.454269833,1,0.193959732,0,0.485527034,,,,,,
1,2,1.45,1,5.37,2,5.06,,1,0.062657908,0,0.343624161,1,0.252321136,,,,,,
1,2,9.15,2,3.73,1,8.6,,1,0.451743305,1,0.233557047,0,0.44565811,,,,,,
1,2,1.44,1,5.31,1,7.89,,1,0.062152602,0,0.339597315,0,0.406881486,,,,,,
1,2,0.96,1,5.29,1,7.19,,1,0.037897928,0,0.338255034,0,0.36865101,,,,,,
1,1,0.68,1,5.26,1,6.5,,0,0.023749368,0,0.336241611,0,0.330966685,,,,,,
1,1,0.68,1,5.24,1,5.8,,0,0.023749368,0,0.334899329,0,0.29273621,,,,,,
1,2,0.47,1,4.74,1,5.13,,1,0.013137948,0,0.301342282,0,0.256144184,,,,,,
1,2,9.1,1,4.64,2,4.4,,1,0.449216776,0,0.294630872,1,0.216275259,,,,,,
1,2,0.47,1,4.24,2,4.38,,1,0.013137948,0,0.267785235,1,0.21518296,,,,,,
1,2,0.95,1,4.6,1,1.44,,1,0.037392623,0,0.291946309,0,0.054614965,,,,,,
1,2,9.04,1,4.7,2,4.35,,1,0.446184942,0,0.298657718,1,0.213544511,,,,,,
1,2,0.94,2,3.08,1,1.91,,1,0.036887317,1,0.189932886,0,0.080283998,,,,,,
1,2,1.41,2,3.68,2,4.32,,1,0.060636685,1,0.230201342,1,0.211906062,,,,,,
1,2,9.58,1,4.58,1,1.43,,1,0.47347145,0,0.290604027,0,0.054068815,,,,,,
1,2,9.52,1,4.67,1,5.69,,1,0.470439616,0,0.296644295,0,0.286728564,,,,,,
1,2,1.86,1,4.18,1,1.9,,1,0.083375442,0,0.263758389,0,0.079737848,,,,,,
1,2,9.47,1,4.55,2,4.91,,1,0.467913087,0,0.288590604,1,0.244128891,,,,,,
1,2,2.32,1,3.71,1,6.29,,1,0.106619505,0,0.232214765,0,0.319497542,,,,,,
1,2,8.83,1,4.51,2,4.27,,1,0.435573522,0,0.28590604,1,0.209175314,,,,,,
1,2,2.77,1,3.21,1,6.24,,1,0.129358262,0,0.198657718,0,0.316766794,,,,,,
1,2,8.19,1,3.85,1,1.88,,1,0.403233957,0,0.241610738,0,0.078645549,,,,,,
1,2,2.75,2,4.27,1,5.59,,1,0.12834765,1,0.269798658,0,0.281267067,,,,,,
1,2,2.28,1,4.43,1,5.56,,1,0.104598282,0,0.280536913,0,0.279628618,,,,,,
1,2,1.81,1,3.18,1,1.4,,1,0.080848914,0,0.196644295,0,0.052430366,,,,,,
1,2,0.65,1,3.17,1,0.93,,1,0.022233451,0,0.195973154,0,0.026761333,,,,,,
1,2,8.14,1,3.6,1,6.14,,1,0.400707428,0,0.224832215,0,0.311305298,,,,,,
1,2,1.81,2,4.85,2,5.42,,1,0.080848914,1,0.308724832,1,0.271982523,,,,,,
1,2,1.35,1,5.03,1,5.49,,1,0.057604851,0,0.320805369,0,0.275805571,,,,,,
1,2,0.65,1,3.58,2,5.39,,1,0.022233451,0,0.223489933,1,0.270344074,,,,,,
1,2,7.52,1,3.57,1,1.39,,1,0.369378474,0,0.222818792,0,0.051884216,,,,,,
1,2,0.64,1,4,2,5.36,,1,0.021728146,0,0.251677852,1,0.268705625,,,,,,
1,2,1.79,2,4.19,1,0.91,,1,0.079838302,1,0.26442953,0,0.025669033,,,,,,
1,2,8.05,2,4.76,1,6.62,,1,0.396159677,1,0.302684564,0,0.337520481,,,,,,
1,2,8.58,1,4.37,2,5.92,,1,0.422940879,0,0.276510067,1,0.299290005,,,,,,
1,2,9.09,1,3.72,1,6.58,,1,0.44871147,0,0.232885906,0,0.335335882,,,,,,
1,2,9.04,1,3.71,1,0.91,,1,0.446184942,0,0.232214765,0,0.025669033,,,,,,
1,2,2.23,1,3.98,1,1.36,,1,0.102071753,0,0.25033557,0,0.050245767,,,,,,
1,2,9.55,1,3.97,2,5.88,,1,0.471955533,0,0.24966443,1,0.297105407,,,,,,
1,2,9.5,1,3.51,1,0.91,,1,0.469429005,0,0.218791946,0,0.025669033,,,,,,
1,2,2.67,1,3.07,1,5.95,,1,0.124305205,0,0.189261745,0,0.300928454,,,,,,
1,2,10,1,3.05,1,6.51,,1,0.49469429,0,0.187919463,0,0.331512835,,,,,,
1,2,9.4,1,3.49,2,6.43,,1,0.464375947,0,0.217449664,1,0.327143637,,,,,,
1,2,0.64,1,3.04,1,5.88,,1,0.021728146,0,0.187248322,0,0.297105407,,,,,,
1,2,2.21,1,3.63,1,5.26,,1,0.101061142,0,0.226845638,0,0.263244129,,,,,,
1,2,0.64,2,4.73,1,5.81,,1,0.021728146,1,0.300671141,0,0.293282359,,,,,,
1,2,2.21,1,3.03,2,6.4,,1,0.101061142,0,0.186577181,1,0.325505188,,,,,,
1,2,2.19,1,3.02,1,0.45,,1,0.100050531,0,0.18590604,0,0.00054615,,,,,,
1,2,1.75,1,2.57,1,6.35,,1,0.077817079,0,0.155704698,0,0.32277444,,,,,,
1,1,0.63,1,2.4,1,6.32,,0,0.02122284,0,0.144295302,0,0.321135991,,,,,,
1,1,0.63,1,1.78,1,0.9,,0,0.02122284,0,0.102684564,0,0.025122884,,,,,,
1,2,1.73,1,1.19,2,6.89,,1,0.076806468,0,0.063087248,1,0.352266521,,,,,,
1,2,1.3,1,1.17,1,0.44,,1,0.055078322,0,0.061744966,0,0,,,,,,
1,1,1.24,1,2.57,1,5.71,,0,0.052046488,0,0.155704698,0,0.287820863,,,,,,
1,1,1.85,1,2.55,1,5.11,,0,0.082870136,0,0.154362416,0,0.255051884,,,,,,
1,1,1.22,1,2.97,1,4.52,,0,0.051035877,0,0.182550336,0,0.222829055,,,,,,
1,2,9.35,2,4.71,1,3.94,,1,0.461849419,1,0.299328859,0,0.191152376,,,,,,
1,2,1.29,1,2.54,1,4.47,,1,0.054573017,0,0.153691275,0,0.220098307,,,,,,
1,2,1.28,1,1.75,2,6.85,,1,0.054067711,0,0.100671141,1,0.350081922,,,,,,
1,2,1.28,2,5.26,1,0.45,,1,0.054067711,1,0.336241611,0,0.00054615,,,,,,
1,2,1.7,1,1.16,1,0.44,,1,0.075290551,0,0.061073826,0,0,,,,,,
1,2,9.29,1,1.16,1,0.88,,1,0.458817585,0,0.061073826,0,0.024030584,,,,,,
1,2,2.12,1,2.94,2,6.25,,1,0.096513391,0,0.180536913,1,0.317312944,,,,,,
1,2,9.78,2,4.65,2,5.65,,1,0.483577564,1,0.295302013,1,0.284543965,,,,,,
1,2,9.18,2,5.2,2,5.61,,1,0.453259222,1,0.332214765,1,0.282359366,,,,,,
1,1,1.83,1,1.15,1,1.32,,0,0.081859525,0,0.060402685,0,0.048061169,,,,,,
1,1,1.21,1,2.51,2,5.58,,0,0.050530571,0,0.151677852,1,0.280720918,,,,,,
1,2,8.6,1,1.14,1,1.31,,1,0.423951491,0,0.059731544,0,0.047515019,,,,,,
1,1,1.2,1,2.08,1,1.3,,0,0.050025265,0,0.122818792,0,0.046968869,,,,,,
1,2,1.69,1,0.57,1,1.3,,1,0.074785245,0,0.02147651,0,0.046968869,,,,,,
1,1,1.19,1,0.56,1,1.72,,0,0.04951996,0,0.020805369,0,0.069907155,,,,,,
1,2,9.09,2,5.75,2,5.55,,1,0.44871147,1,0.369127517,1,0.279082469,,,,,,
1,2,9.58,1,1.12,1,2.14,,1,0.47347145,0,0.058389262,0,0.09284544,,,,,,
1,2,10.05,2,5.15,2,5.52,,1,0.497220819,1,0.32885906,1,0.27744402,,,,,,
1,2,9.47,2,4.55,1,2.12,,1,0.467913087,1,0.288590604,0,0.09175314,,,,,,
1,1,1.18,2,5.09,1,2.12,,0,0.049014654,1,0.324832215,0,0.09175314,,,,,,
1,2,2.1,1,1.67,1,2.11,,1,0.095502779,0,0.095302013,0,0.091206991,,,,,,
1,2,9.95,2,4.49,1,1.68,,1,0.492167761,1,0.284563758,0,0.067722556,,,,,,
1,2,9.38,2,4.47,1,4.44,,1,0.463365336,1,0.283221477,0,0.218459858,,,,,,
1,1,1.18,1,2.49,1,1.25,,0,0.049014654,0,0.15033557,0,0.044238121,,,,,,
1,2,2.09,2,3.88,1,4.42,,1,0.094997473,1,0.243624161,0,0.217367559,,,,,,
1,2,2.09,2,3.86,1,1.25,,1,0.094997473,1,0.242281879,0,0.044238121,,,,,,
1,2,1.66,1,2.9,1,1.66,,1,0.073269328,0,0.177852349,0,0.066630257,,,,,,
1,1,0.59,2,3.85,2,4.95,,0,0.019201617,1,0.241610738,1,0.24631349,,,,,,
1,2,9.84,1,2.88,2,5.46,,1,0.486609399,0,0.176510067,1,0.274167122,,,,,,
1,2,10.31,1,2.46,1,4.95,,1,0.510358767,0,0.148322148,0,0.24631349,,,,,,
1,2,10.26,1,1.65,2,5.44,,1,0.507832239,0,0.093959732,1,0.273074823,,,,,,
1,2,2.07,1,2.04,1,1.65,,1,0.093986862,0,0.120134228,0,0.066084107,,,,,,
1,2,9.69,1,1.65,1,2.05,,1,0.479029813,0,0.093959732,0,0.087930093,,,,,,
1,1,0.58,1,2.03,2,4.86,,0,0.018696311,0,0.119463087,1,0.241398143,,,,,,
1,2,1.64,1,1.61,2,4.84,,1,0.072258717,0,0.091275168,1,0.240305844,,,,,,
1,1,0.58,1,2.18,1,1.64,,0,0.018696311,0,0.129530201,0,0.065537957,,,,,,
1,2,1.23,2,3.28,1,5.46,,1,0.051541182,1,0.203355705,0,0.274167122,,,,,,
1,1,0.58,2,3.81,2,5.35,,0,0.018696311,1,0.238926174,1,0.268159476,,,,,,
1,2,1.63,1,1.63,1,5.44,,1,0.071753411,0,0.09261745,0,0.273074823,,,,,,
1,2,9.13,1,1.62,1,1.63,,1,0.450732693,0,0.091946309,0,0.064991808,,,,,,
1,1,1.15,1,1.62,1,1.22,,0,0.047498737,0,0.091946309,0,0.042599672,,,,,,
1,1,0.56,1,1.61,1,4.86,,0,0.0176857,0,0.091275168,0,0.241398143,,,,,,
1,2,9.6,1,2,1,4.84,,1,0.474482062,0,0.117449664,0,0.240305844,,,,,,
1,2,9.55,2,3.78,1,1.62,,1,0.471955533,1,0.236912752,0,0.064445658,,,,,,
1,2,1.22,1,1.59,2,5.85,,1,0.051035877,0,0.089932886,1,0.295466958,,,,,,
1,1,0.56,1,2.15,1,4.82,,0,0.0176857,0,0.127516779,0,0.239213545,,,,,,
1,2,0.81,2,3.22,1,1.62,,1,0.030318343,1,0.199328859,0,0.064445658,,,,,,
1,2,10,2,3.19,1,1.6,,1,0.49469429,1,0.197315436,0,0.063353359,,,,,,
1,2,10.45,1,1.61,1,1.99,,1,0.517433047,0,0.091275168,0,0.084653195,,,,,,
1,2,10.4,1,1.6,2,5.3,,1,0.514906518,0,0.090604027,1,0.265428727,,,,,,
1,2,0.8,1,1.2,2,5.79,,1,0.029813037,0,0.063758389,1,0.29219006,,,,,,
1,2,0.4,1,1.59,1,4.79,,1,0.009600808,0,0.089932886,0,0.237575096,,,,,,
1,1,0.56,1,1.58,1,1.99,,0,0.0176857,0,0.089261745,0,0.084653195,,,,,,
1,1,1.12,2,3.17,1,1.97,,0,0.04598282,1,0.195973154,0,0.083560896,,,,,,
1,1,1.11,1,1.97,1,1.57,,0,0.045477514,0,0.115436242,0,0.06171491,,,,,,
1,2,0.4,2,3.68,1,5.29,,1,0.009600808,1,0.230201342,0,0.264882578,,,,,,
1,2,0.8,1,1.58,2,5.76,,1,0.029813037,0,0.089261745,1,0.290551611,,,,,,
1,2,10.34,1,1.96,1,1.57,,1,0.511874684,0,0.114765101,0,0.06171491,,,,,,
1,2,0.79,1,1.57,1,1.56,,1,0.029307731,0,0.088590604,0,0.06116876,,,,,,
1,2,0.79,1,2.09,1,1.56,,1,0.029307731,0,0.123489933,0,0.06116876,,,,,,
1,2,1.18,2,3.66,1,1.94,,1,0.049014654,1,0.22885906,0,0.081922447,,,,,,
1,2,9.8,1,1.55,2,5.73,,1,0.484588176,0,0.087248322,1,0.288913162,,,,,,
1,1,1.65,1,1.17,1,2.31,,0,0.072764022,0,0.061744966,0,0.102129984,,,,,,
1,1,2.19,1,1.57,2,6.22,,0,0.100050531,0,0.088590604,1,0.315674495,,,,,,
1,1,2.18,1,1.03,1,5.27,,0,0.099545225,0,0.052348993,0,0.263790279,,,,,,
1,2,1.57,1,1.03,1,2.69,,1,0.068721577,0,0.052348993,0,0.12288367,,,,,,
1,2,10.25,1,0.77,2,6.18,,1,0.507326933,0,0.034899329,1,0.313489896,,,,,,
1,2,9.71,1,1.53,1,2.3,,1,0.480040424,0,0.08590604,0,0.101583834,,,,,,
1,1,2.16,2,4.17,1,5.76,,0,0.098534613,1,0.263087248,0,0.290551611,,,,,,
1,2,1.56,1,1.53,2,6.67,,1,0.068216271,0,0.08590604,1,0.340251229,,,,,,
1,2,1.95,1,0.77,1,5.73,,1,0.087923194,0,0.034899329,0,0.288913162,,,,,,
1,2,9.18,1,0.77,1,1.9,,1,0.453259222,0,0.034899329,0,0.079737848,,,,,,
1,1,2.16,1,0.38,1,5.7,,0,0.098534613,0,0.008724832,0,0.287274713,,,,,,
1,2,1.55,1,2.03,1,1.52,,1,0.067710965,0,0.119463087,0,0.058984162,,,,,,
1,1,2.68,2,4.67,1,6.19,,0,0.12481051,1,0.296644295,0,0.314036046,,,,,,
1,1,3.19,1,2.52,2,6.12,,0,0.150581102,0,0.152348993,1,0.310212998,,,,,,
1,1,2.65,2,5.15,2,6.09,,0,0.123294593,1,0.32885906,1,0.308574549,,,,,,
1,2,9.14,1,2.51,1,1.89,,1,0.451237999,0,0.151677852,0,0.079191699,,,,,,
1,2,1.16,1,0.38,2,6.06,,1,0.048004042,0,0.008724832,1,0.3069361,,,,,,
1,2,9.57,1,3,1,2.26,,1,0.472966145,0,0.184563758,0,0.099399235,,,,,,
1,2,9.04,2,4.61,2,5.53,,1,0.446184942,1,0.29261745,1,0.277990169,,,,,,
1,1,1.57,2,4.08,2,5,,0,0.068721577,1,0.25704698,1,0.249044238,,,,,,
1,2,8.54,2,4.06,2,5.47,,1,0.420919656,1,0.255704698,1,0.274713271,,,,,,
1,2,7.95,1,0.37,2,5.39,,1,0.39110662,0,0.008053691,1,0.270344074,,,,,,
1,1,1.56,2,4.55,1,2.96,,0,0.068216271,1,0.288590604,0,0.137629711,,,,,,
1,1,1.03,1,2.99,2,4.88,,0,0.041435068,0,0.183892617,1,0.242490442,,,,,,
1,2,7.9,1,0.37,2,5.34,,1,0.388580091,0,0.008053691,1,0.267613326,,,,,,
1,2,1.89,1,0.36,1,6.6,,1,0.084891359,0,0.00738255,0,0.336428181,,,,,,
1,2,1.51,1,0.36,1,3.33,,1,0.065689742,0,0.00738255,0,0.157837247,,,,,,
1,1,1.03,1,0.72,2,4.83,,0,0.041435068,0,0.031543624,1,0.239759694,,,,,,
1,2,1.5,2,4.02,2,5.29,,1,0.065184437,1,0.253020134,1,0.264882578,,,,,,
1,2,1.87,2,4,1,7.07,,1,0.083880748,1,0.251677852,0,0.362097215,,,,,,
1,2,7.87,1,1.08,2,5.74,,1,0.387064174,0,0.055704698,1,0.289459312,,,,,,
1,2,1.5,2,4.48,1,7.04,,1,0.065184437,1,0.283892617,0,0.360458766,,,,,,
1,1,1.02,1,3.46,1,2.94,,0,0.040929763,0,0.215436242,0,0.136537411,,,,,,
1,2,1.11,2,4.45,1,7,,1,0.045477514,1,0.281879195,0,0.358274167,,,,,,
1,1,1.52,1,0.72,1,2.57,,0,0.066195048,0,0.031543624,0,0.116329874,,,,,,
1,1,1.01,1,2.95,1,6.46,,0,0.040424457,0,0.181208054,0,0.328782086,,,,,,
1,2,7.83,1,3.43,1,6.44,,1,0.385042951,0,0.213422819,0,0.327689787,,,,,,
1,2,1.11,2,4.43,1,2.92,,1,0.045477514,1,0.280536913,0,0.135445112,,,,,,
1,2,0.74,1,1.07,2,5.24,,1,0.026781203,0,0.055033557,1,0.26215183,,,,,,
1,1,0.5,2,4.41,2,4.74,,0,0.014653866,1,0.279194631,1,0.234844347,,,,,,
1,2,8.25,1,1.07,2,4.72,,1,0.406265791,0,0.055033557,1,0.233752048,,,,,,
1,2,8.22,1,1.07,1,3.28,,1,0.404749874,0,0.055033557,0,0.155106499,,,,,,
1,2,1.1,1,0.71,2,4.69,,1,0.044972208,0,0.030872483,1,0.232113599,,,,,,
1,2,8.19,1,3.9,1,3.62,,1,0.403233957,0,0.244966443,0,0.173675587,,,,,,
1,2,1.47,2,3.91,2,4.2,,1,0.063668519,1,0.245637584,1,0.205352267,,,,,,
1,2,8.15,2,3.88,2,4.65,,1,0.401212734,1,0.243624161,1,0.229929001,,,,,,
1,2,1.1,1,0.71,1,6.9,,1,0.044972208,0,0.030872483,0,0.352812671,,,,,,
1,1,0.5,1,1.06,2,5.09,,0,0.014653866,0,0.054362416,1,0.253959585,,,,,,
1,2,0.73,2,4.35,1,6.86,,1,0.026275897,1,0.275167785,0,0.350628072,,,,,,
1,1,0.5,1,3.4,1,3.61,,0,0.014653866,0,0.211409396,0,0.173129437,,,,,,
1,2,1.09,1,3.38,1,3.95,,1,0.044466902,0,0.210067114,0,0.191698525,,,,,,
1,2,8.1,1,0.7,2,5.53,,1,0.398686205,0,0.030201342,1,0.277990169,,,,,,
1,2,1.45,1,3.37,1,6.34,,1,0.062657908,0,0.209395973,0,0.322228291,,,,,,
1,2,7.62,1,0.7,1,6.31,,1,0.374431531,0,0.030201342,0,0.320589842,,,,,,
1,2,7.59,2,4.32,1,3.93,,1,0.372915614,1,0.273154362,0,0.190606226,,,,,,
1,2,1.44,1,1.04,1,4.27,,1,0.062152602,0,0.053020134,0,0.209175314,,,,,,
1,2,1.79,1,0.69,2,5.97,,1,0.079838302,0,0.029530201,1,0.302020754,,,,,,
1,2,7.56,1,2.87,1,6.76,,1,0.371399697,0,0.175838926,0,0.345166576,,,,,,
1,2,1.43,1,2.38,2,5.93,,1,0.061647297,0,0.14295302,1,0.299836155,,,,,,
1,2,0.49,1,1.89,1,3.9,,1,0.01414856,0,0.110067114,0,0.188967777,,,,,,
1,2,7.52,1,1.42,1,7.21,,1,0.369378474,0,0.07852349,0,0.36974331,,,,,,
1,2,1.07,1,1.41,2,5.45,,1,0.043456291,0,0.077852349,1,0.273620972,,,,,,
1,2,0.98,1,0.35,2,5.43,,1,0.03890854,0,0.006711409,1,0.272528673,,,,,,
1,2,7.05,1,1.41,1,3.53,,1,0.345629106,0,0.077852349,0,0.16876024,,,,,,
1,2,1.46,1,0.68,1,7.17,,1,0.063163214,0,0.02885906,0,0.367558711,,,,,,
1,2,7.01,2,4.78,1,3.87,,1,0.343607883,1,0.304026846,0,0.187329328,,,,,,
1,2,1.42,1,0.93,2,5.85,,1,0.061141991,0,0.045637584,1,0.295466958,,,,,,
1,2,6.55,1,0.46,1,6.66,,1,0.32036382,0,0.01409396,0,0.339705079,,,,,,
1,2,1.46,1,0.92,1,6.17,,1,0.063163214,0,0.044966443,0,0.312943747,,,,,,
1,2,1.42,2,4.77,1,6.13,,1,0.061141991,1,0.303355705,0,0.310759148,,,,,,
1,2,1.76,1,0.68,1,4.21,,1,0.078322385,0,0.02885906,0,0.205898416,,,,,,
1,2,6.08,1,0.68,2,6.28,,1,0.296614452,0,0.02885906,1,0.318951393,,,,,,
1,2,0.97,1,1.02,1,6.1,,1,0.038403234,0,0.051677852,0,0.309120699,,,,,,
1,2,0.48,2,4.26,1,3.85,,1,0.013643254,1,0.269127517,0,0.186237029,,,,,,
1,2,0.48,2,4.71,1,6.54,,1,0.013643254,1,0.299328859,0,0.333151283,,,,,,
1,2,1.76,1,1.38,2,6.7,,1,0.078322385,0,0.075838926,1,0.341889678,,,,,,
1,2,2.1,2,4.22,1,6.04,,1,0.095502779,1,0.266442953,0,0.305843801,,,,,,
1,2,5.63,2,3.74,1,6.48,,1,0.273875695,1,0.234228188,0,0.329874386,,,,,,
1,2,2.09,1,0.68,1,6.45,,1,0.094997473,0,0.02885906,0,0.328235937,,,,,,
1,2,2.08,1,0.92,1,4.18,,1,0.094492168,0,0.044966443,0,0.204259967,,,,,,
1,2,2.42,1,1.36,2,6.61,,1,0.111672562,0,0.074496644,1,0.336974331,,,,,,
1,2,6.03,2,4.17,1,3.82,,1,0.294087923,1,0.263087248,0,0.18459858,,,,,,
1,2,5.58,1,1.81,1,6.42,,1,0.271349166,0,0.104697987,0,0.326597488,,,,,,
1,2,2.07,1,2.25,1,6.4,,1,0.093986862,0,0.134228188,0,0.325505188,,,,,,
1,2,2.41,2,3.66,2,7.02,,1,0.111167256,1,0.22885906,1,0.359366466,,,,,,
1,2,5.98,2,3.64,1,6.82,,1,0.291561395,1,0.227516779,0,0.348443474,,,,,,
1,2,5.96,1,0.67,2,7.43,,1,0.290550783,0,0.028187919,1,0.381758602,,,,,,
1,2,2.4,1,1,1,7.24,,1,0.11066195,0,0.05033557,0,0.371381759,,,,,,
1,2,2.05,2,3.62,2,7.82,,1,0.092976251,1,0.226174497,1,0.403058438,,,,,,
1,2,0.46,1,1.01,1,6.75,,1,0.012632643,0,0.051006711,0,0.344620426,,,,,,
1,2,5.93,1,1,1,7.17,,1,0.289034866,0,0.05033557,0,0.367558711,,,,,,
1,2,2.04,1,0.67,2,7.36,,1,0.092470945,0,0.028187919,1,0.377935554,,,,,,
1,2,2.04,1,2.69,2,6.89,,1,0.092470945,0,0.163758389,1,0.352266521,,,,,,
1,2,2.37,2,4.05,2,7.29,,1,0.109146033,1,0.255033557,1,0.374112507,,,,,,
1,2,5.91,1,2.68,1,6.69,,1,0.288024255,0,0.163087248,0,0.341343528,,,,,,
1,2,2.35,1,1,1,7.11,,1,0.108135422,0,0.05033557,0,0.364281813,,,,,,
1,2,2.35,2,3.59,2,7.27,,1,0.108135422,1,0.224161074,1,0.373020208,,,,,,
1,2,2,2,3.13,1,4.13,,1,0.090449722,1,0.193288591,0,0.201529219,,,,,,
1,2,0.93,2,3.55,2,7.66,,1,0.036382011,1,0.22147651,1,0.394320044,,,,,,
1,2,5.46,1,2.22,1,7.08,,1,0.265285498,0,0.132214765,0,0.362643364,,,,,,
1,2,0.93,1,2.66,1,4.11,,1,0.036382011,0,0.161744966,0,0.20043692,,,,,,
1,2,2,2,3.1,1,4.09,,1,0.090449722,1,0.191275168,0,0.19934462,,,,,,
1,2,2,2,3.52,1,3.74,,1,0.090449722,1,0.219463087,0,0.180229383,,,,,,
1,2,2.32,1,2.65,1,7.49,,1,0.106619505,0,0.161073826,0,0.3850355,,,,,,
1,2,5.44,1,0.66,2,8.05,,1,0.264274886,0,0.027516779,1,0.41561988,,,,,,
1,2,2.31,1,2.19,1,7.02,,1,0.106114199,0,0.130201342,0,0.359366466,,,,,,
1,2,1.97,1,2.62,1,6.55,,1,0.088933805,0,0.159060403,0,0.333697433,,,,,,
1,2,0.46,2,3.51,1,6.52,,1,0.012632643,1,0.218791946,0,0.332058984,,,,,,
1,1,0.45,1,0.33,2,8.02,,0,0.012127337,0,0.005369128,1,0.413981431,,,,,,
1,1,0.45,1,3.04,1,4.05,,0,0.012127337,0,0.187248322,0,0.197160022,,,,,,
1,2,1.64,2,3.06,1,4.04,,1,0.072258717,1,0.188590604,0,0.196613872,,,,,,
1,2,5.84,1,3.46,1,4.35,,1,0.284487115,0,0.215436242,0,0.213544511,,,,,,
1,2,5.81,2,3.46,2,8.4,,1,0.282971198,1,0.215436242,1,0.434735117,,,,,,
1,2,1.31,1,0.32,1,6.93,,1,0.055583628,0,0.004697987,0,0.35445112,,,,,,
1,2,6.2,1,3.02,1,4.33,,1,0.30267812,0,0.18590604,0,0.212452212,,,,,,
1,2,6.17,1,2.58,1,4.65,,1,0.301162203,0,0.156375839,0,0.229929001,,,,,,
1,2,1.29,1,2.56,2,8.75,,1,0.054573017,0,0.155033557,1,0.453850355,,,,,,
1,1,0.45,2,0.33,1,4.3,,0,0.012127337,1,0.005369128,0,0.210813763,,,,,,
1,1,0.45,1,2.13,1,7.3,,0,0.012127337,0,0.126174497,0,0.374658656,,,,,,
1,2,1.29,1,2.12,2,9.12,,1,0.054573017,0,0.125503356,1,0.474057892,,,,,,
1,2,1.3,2,0.65,1,7.69,,1,0.055078322,1,0.026845638,0,0.395958493,,,,,,
1,2,1.61,1,2.54,2,8.68,,1,0.070742799,0,0.153691275,1,0.450027307,,,,,,
1,2,5.74,2,3.45,2,8.23,,1,0.279434058,1,0.214765101,1,0.425450573,,,,,,
1,1,0.44,2,0.33,2,7.79,,0,0.011622031,1,0.005369128,1,0.401419989,,,,,,
1,2,1.92,2,3.86,2,7.34,,1,0.086407276,1,0.242281879,1,0.376843255,,,,,,
1,2,6.12,1,2.52,2,6.91,,1,0.298635675,0,0.152348993,1,0.35335882,,,,,,
1,2,6.1,2,0.33,2,7.28,,1,0.297625063,1,0.005369128,1,0.373566357,,,,,,
1,2,2.24,2,0.32,1,7.66,,1,0.102577059,1,0.004697987,0,0.394320044,,,,,,
1,2,6.48,2,0.32,1,4.29,,1,0.31682668,1,0.004697987,0,0.210267613,,,,,,
1,2,6.45,2,0.63,1,4.28,,1,0.315310763,1,0.025503356,0,0.209721464,,,,,,
1,2,2.23,1,2.93,1,4.59,,1,0.102071753,0,0.179865772,0,0.226652103,,,,,,
1,2,2.22,2,4.28,2,7.66,,1,0.101566448,1,0.270469799,1,0.394320044,,,,,,
1,2,2.53,1,2.5,1,7.21,,1,0.117230925,0,0.151006711,0,0.36974331,,,,,,
1,2,6.42,1,2.08,1,6.76,,1,0.313794846,0,0.122818792,0,0.345166576,,,,,,
1,2,2.52,1,2.06,1,6.72,,1,0.116725619,0,0.12147651,0,0.342981977,,,,,,
1,2,2.2,2,0.63,1,4.9,,1,0.100555836,1,0.025503356,0,0.243582742,,,,,,
1,2,6,2,3.83,2,6.8,,1,0.292572006,1,0.240268456,1,0.347351174,,,,,,
1,2,0.44,2,3.39,2,7.17,,1,0.011622031,1,0.210738255,1,0.367558711,,,,,,
1,2,5.58,2,2.96,1,7.11,,1,0.271349166,1,0.181879195,0,0.364281813,,,,,,
1,2,0.88,2,2.52,2,7.54,,1,0.033855483,1,0.152348993,1,0.387766248,,,,,,
1,2,5.16,2,2.09,1,7.08,,1,0.250126326,1,0.123489933,0,0.362643364,,,,,,
1,2,0.88,2,2.5,1,4.88,,1,0.033855483,1,0.151006711,0,0.242490442,,,,,,
1,2,1.88,1,2.47,1,4.87,,1,0.084386054,0,0.148993289,0,0.241944293,,,,,,
1,2,0.86,2,2.48,1,4.85,,1,0.032844871,1,0.14966443,0,0.240851993,,,,,,
1,2,2.19,2,0.32,1,4.52,,1,0.100050531,1,0.004697987,0,0.222829055,,,,,,
1,2,4.74,2,0.62,1,7.46,,1,0.228903487,1,0.024832215,0,0.383397051,,,,,,
1,2,0.43,1,2.46,2,7.91,,1,0.011116726,0,0.148322148,1,0.407973785,,,,,,
1,2,0.43,2,0.94,1,7.02,,1,0.011116726,1,0.046308725,0,0.359366466,,,,,,
1,2,2.18,1,2.04,1,7.41,,1,0.099545225,0,0.120134228,0,0.380666303,,,,,,
1,2,1.87,1,2.03,2,7.88,,1,0.083880748,0,0.119463087,1,0.406335336,,,,,,
1,2,0.43,2,1.25,1,4.18,,1,0.011116726,1,0.067114094,0,0.204259967,,,,,,
1,2,1.86,1,2.02,1,6.97,,1,0.083375442,0,0.118791946,0,0.356635718,,,,,,
1,2,1.54,2,0.93,1,6.94,,1,0.067205659,1,0.045637584,0,0.354997269,,,,,,
1,2,0.42,2,2.06,1,4.49,,1,0.01061142,1,0.12147651,0,0.221190606,,,,,,
1,2,1.54,2,2.05,2,7.45,,1,0.067205659,1,0.120805369,1,0.382850901,,,,,,
1,2,1.22,2,1.24,2,7.43,,1,0.051035877,1,0.066442953,1,0.381758602,,,,,,
1,2,0.92,2,2.46,2,7.39,,1,0.035876705,1,0.148322148,1,0.379574003,,,,,,
1,1,0.42,1,2,1,4.45,,0,0.01061142,0,0.117449664,0,0.219006008,,,,,,
1,1,0.42,2,0.62,2,7.75,,0,0.01061142,1,0.024832215,1,0.39923539,,,,,,
1,2,1.22,2,2.86,1,6.88,,1,0.051035877,1,0.175167785,0,0.351720371,,,,,,
1,2,5.12,1,2.4,1,7.25,,1,0.248105104,0,0.144295302,0,0.371927908,,,,,,
1,2,4.71,2,2.85,2,8.11,,1,0.227387569,1,0.174496644,1,0.418896778,,,,,,
1,1,0.42,2,0.92,1,7.23,,0,0.01061142,1,0.044966443,0,0.370835609,,,,,,
1,2,1.22,1,2.78,1,4.44,,1,0.051035877,0,0.169798658,0,0.218459858,,,,,,
1,2,0.91,2,2.84,1,4.43,,1,0.0353714,1,0.173825503,0,0.217913708,,,,,,
1,1,0.41,2,0.92,1,4.42,,0,0.010106114,1,0.044966443,0,0.217367559,,,,,,
1,2,0.6,2,0.92,1,4.09,,1,0.019706923,1,0.044966443,0,0.19934462,,,,,,
1,2,5.08,2,2.42,1,6.77,,1,0.246083881,1,0.145637584,0,0.345712725,,,,,,
1,2,5.05,2,2.4,1,3.76,,1,0.244567964,1,0.144295302,0,0.181321682,,,,,,
1,2,0.6,2,0.91,1,7.15,,1,0.019706923,1,0.044295302,0,0.366466412,,,,,,
1,2,0.9,1,2.38,2,8.46,,1,0.034866094,0,0.14295302,1,0.438012015,,,,,,
1,2,5.04,1,2.38,1,6.72,,1,0.244062658,0,0.14295302,0,0.342981977,,,,,,
1,2,0.6,2,0.6,1,6.3,,1,0.019706923,1,0.023489933,0,0.320043692,,,,,,
1,2,0.41,2,2,1,6.67,,1,0.010106114,1,0.117449664,0,0.340251229,,,,,,
1,2,4.63,2,1.6,2,8.43,,1,0.223345124,1,0.090604027,1,0.436373566,,,,,,
1,2,0.41,1,2.36,1,7.04,,1,0.010106114,0,0.141610738,0,0.360458766,,,,,,
1,2,4.23,2,0.6,2,8.4,,1,0.203132895,1,0.023489933,1,0.434735117,,,,,,
1,2,0.41,2,1.58,1,3.11,,1,0.010106114,1,0.089261745,0,0.145821955,,,,,,
1,2,3.83,2,1.18,1,7,,1,0.182920667,1,0.062416107,0,0.358274167,,,,,,
1,2,0.41,2,0.78,1,3.1,,1,0.010106114,1,0.03557047,0,0.145275806,,,,,,
1,2,0.9,2,0.39,1,2.78,,1,0.034866094,1,0.009395973,0,0.127799017,,,,,,
1,2,3.43,2,0.78,1,6.98,,1,0.162708439,1,0.03557047,0,0.357181868,,,,,,
1,2,0.8,1,2.74,1,2.46,,1,0.029813037,0,0.167114094,0,0.110322228,,,,,,
1,2,3.42,2,0.77,1,6.95,,1,0.162203133,1,0.034899329,0,0.355543419,,,,,,
1,2,1.19,2,0.3,1,2.77,,1,0.04951996,1,0.003355705,0,0.127252867,,,,,,
1,2,3.03,2,0.3,2,8.74,,1,0.14249621,1,0.003355705,1,0.453304205,,,,,,
1,2,0.4,2,0.59,1,6.54,,1,0.009600808,1,0.022818792,0,0.333151283,,,,,,
1,2,0.4,1,2.73,1,6.9,,1,0.009600808,0,0.166442953,0,0.352812671,,,,,,
1,2,1.49,2,0.3,2,8.71,,1,0.064679131,1,0.003355705,1,0.451665756,,,,,,
1,2,3.02,2,0.38,1,2.75,,1,0.141990904,1,0.008724832,0,0.126160568,,,,,,
1,2,1.77,2,0.38,1,3.04,,1,0.078827691,1,0.008724832,0,0.141998908,,,,,,
1,2,3.01,1,2.73,2,8.68,,1,0.141485599,0,0.166442953,1,0.450027307,,,,,,
1,2,3,2,0.38,1,2.72,,1,0.140980293,1,0.008724832,0,0.124522119,,,,,,
1,2,1.18,1,2.33,1,6.49,,1,0.049014654,0,0.139597315,0,0.330420535,,,,,,
1,2,0.4,1,1.93,1,6.84,,1,0.009600808,0,0.112751678,0,0.349535773,,,,,,
1,2,0.79,1,2.3,2,8.64,,1,0.029307731,0,0.137583893,1,0.447842709,,,,,,
1,2,2.61,2,0.29,1,2.4,,1,0.12127337,1,0.002684564,0,0.10704533,,,,,,
1,2,1.18,1,2.68,1,2.38,,1,0.049014654,0,0.163087248,0,0.105953031,,,,,,
1,2,2.22,1,0.38,1,2.38,,1,0.101566448,0,0.008724832,0,0.105953031,,,,,,
1,2,1.18,1,0.37,1,2.37,,1,0.049014654,0,0.008053691,0,0.105406881,,,,,,
1,2,1.46,2,0.29,1,2.37,,1,0.063163214,1,0.002684564,0,0.105406881,,,,,,
1,2,1.16,2,0.59,1,2.36,,1,0.048004042,1,0.022818792,0,0.104860732,,,,,,
1,2,0.78,1,2.29,1,2.64,,1,0.028802425,0,0.136912752,0,0.120152922,,,,,,
1,2,1.17,1,2.66,2,8.61,,1,0.048509348,0,0.161744966,1,0.44620426,,,,,,
1,2,2.22,1,0.74,1,2.94,,1,0.101566448,0,0.032885906,0,0.136537411,,,,,,
1,2,1.15,1,0.75,2,8.58,,1,0.047498737,0,0.033557047,1,0.444565811,,,,,,
1,2,1.44,2,0.88,1,2.63,,1,0.062152602,1,0.042281879,0,0.119606772,,,,,,
1,2,2.2,1,2.65,1,6.41,,1,0.100555836,0,0.161073826,0,0.326051338,,,,,,
1,2,1.44,2,0.87,1,6.01,,1,0.062152602,1,0.041610738,0,0.304205352,,,,,,
1,2,1.43,2,0.58,1,6.36,,1,0.061647297,1,0.022147651,0,0.32332059,,,,,,
1,2,1.72,1,1.11,2,8.18,,1,0.076301162,0,0.057718121,1,0.422719825,,,,,,
1,2,1.83,1,1.11,2,8.52,,1,0.081859525,0,0.057718121,1,0.441288913,,,,,,
1,2,1.16,2,0.58,1,5.97,,1,0.048004042,1,0.022147651,0,0.302020754,,,,,,
1,2,2,2,0.58,1,6.32,,1,0.090449722,1,0.022147651,0,0.321135991,,,,,,
1,2,1.83,2,0.58,2,8.48,,1,0.081859525,1,0.022147651,1,0.439104315,,,,,,
1,2,2.28,2,0.58,1,2.62,,1,0.104598282,1,0.022147651,0,0.119060623,,,,,,
1,2,1.82,2,0.58,1,2.9,,1,0.081354219,1,0.022147651,0,0.134352813,,,,,,
1,2,1.98,2,0.58,2,8.45,,1,0.089439111,1,0.022147651,1,0.437465866,,,,,,
1,2,1.55,2,0.85,1,2.89,,1,0.067710965,1,0.040268456,0,0.133806663,,,,,,
1,2,2.18,1,3.02,1,3.18,,1,0.099545225,0,0.18590604,0,0.149645003,,,,,,
1,2,2.17,1,1.47,2,8.42,,1,0.099039919,0,0.081879195,1,0.435827417,,,,,,
1,2,2.27,1,1.84,1,3.17,,1,0.104092976,0,0.106711409,0,0.149098853,,,,,,
1,2,2.16,1,2.19,1,3.45,,1,0.098534613,0,0.130201342,0,0.164391043,,,,,,
1,2,2.26,1,2.18,2,8.76,,1,0.103587671,0,0.129530201,1,0.454396505,,,,,,
1,2,2.53,2,0.57,1,5.92,,1,0.117230925,1,0.02147651,0,0.299290005,,,,,,
1,2,2.15,1,2.18,1,5.54,,1,0.098029308,0,0.129530201,0,0.278536319,,,,,,
1,2,2.25,2,0.28,1,5.14,,1,0.103082365,1,0.002013423,0,0.256690333,,,,,,
1,2,1.54,1,2.53,1,5.13,,1,0.067205659,0,0.153020134,0,0.256144184,,,,,,
1,2,2.24,1,2.16,1,3.73,,1,0.102577059,0,0.128187919,0,0.179683233,,,,,,
1,2,2.51,1,3.38,2,8.72,,1,0.116220313,0,0.210067114,1,0.452211906,,,,,,
1,2,1.79,1,1.79,1,3.43,,1,0.079838302,0,0.103355705,0,0.163298744,,,,,,
1,2,1.53,1,3.75,1,4.75,,1,0.066700354,0,0.234899329,0,0.235390497,,,,,,
1,2,2.78,1,1.43,1,4.72,,1,0.129863567,0,0.079194631,0,0.233752048,,,,,,
1,2,2.13,1,4.1,1,3.42,,1,0.097018696,0,0.258389262,0,0.162752594,,,,,,
1,2,2.48,1,1.78,1,3.41,,1,0.114704396,0,0.102684564,0,0.162206445,,,,,,
1,2,2.83,1,1.42,1,3.11,,1,0.132390096,0,0.07852349,0,0.145821955,,,,,,
1,2,2.47,1,3.72,1,4.34,,1,0.11419909,0,0.232885906,0,0.212998362,,,,,,
1,2,1.14,1,4.07,1,4.69,,1,0.046993431,0,0.256375839,0,0.232113599,,,,,,
1,2,1.52,1,1.41,2,8.69,,1,0.066195048,0,0.077852349,1,0.450573457,,,,,,
1,2,3.15,1,1.41,2,9.03,,1,0.148559879,0,0.077852349,1,0.469142545,,,,,,
1,2,2.22,1,0.28,1,3.93,,1,0.101566448,0,0.002013423,0,0.190606226,,,,,,
1,2,1.51,1,1.4,2,9.32,,1,0.065689742,0,0.077181208,1,0.484980885,,,,,,
1,2,2.48,1,4.43,1,3.64,,1,0.114704396,0,0.280536913,0,0.174767886,,,,,,
1,2,2.78,1,1.4,1,4.64,,1,0.129863567,0,0.077181208,0,0.229382851,,,,,,
1,2,1.5,1,0.27,1,3.63,,1,0.065184437,0,0.001342282,0,0.174221737,,,,,,
1,2,2.47,1,1.74,1,3.89,,1,0.11419909,0,0.1,0,0.188421628,,,,,,
1,2,2.19,1,1.39,2,9.29,,1,0.100050531,0,0.076510067,1,0.483342436,,,,,,
1,2,1.13,1,4.78,1,4.16,,1,0.046488125,0,0.304026846,0,0.203167668,,,,,,
1,2,1.12,1,1.03,2,9.61,,1,0.04598282,0,0.052348993,1,0.500819224,,,,,,
1,2,1.91,1,4.76,1,4.98,,1,0.085901971,0,0.302684564,0,0.247951939,,,,,,
1,2,1.11,1,0.55,2,9.93,,1,0.045477514,0,0.020134228,1,0.518296013,,,,,,
1,2,1.64,1,1.38,1,4.96,,1,0.072258717,0,0.075838926,0,0.24685964,,,,,,
1,2,0.74,1,1.72,1,4.43,,1,0.026781203,0,0.098657718,0,0.217913708,,,,,,
1,2,0.74,1,1.37,2,10.24,,1,0.026781203,0,0.075167785,1,0.535226652,,,,,,
1,2,1.63,1,4.75,1,4.95,,1,0.071753411,0,0.302013423,0,0.24631349,,,,,,
1,2,1.63,1,0.55,1,4.14,,1,0.071753411,0,0.020134228,0,0.202075369,,,,,,
1,2,1.62,1,0.55,1,4.93,,1,0.071248105,0,0.020134228,0,0.245221191,,,,,,
1,2,1.35,1,0.82,1,4.41,,1,0.057604851,0,0.038255034,0,0.216821409,,,,,,
1,2,0.74,1,1.71,2,10.22,,1,0.026781203,0,0.097986577,1,0.534134353,,,,,,
1,2,1.61,1,1.36,1,4.12,,1,0.070742799,0,0.074496644,0,0.200983069,,,,,,
1,2,2.77,1,4.73,1,4.91,,1,0.129358262,0,0.300671141,0,0.244128891,,,,,,
1,2,1.61,1,0.82,1,4.38,,1,0.070742799,0,0.038255034,0,0.21518296,,,,,,
1,2,1.6,1,1.09,2,10.53,,1,0.070237494,0,0.056375839,1,0.551064992,,,,,,
1,2,1.6,1,1.7,1,4.9,,1,0.070237494,0,0.097315436,0,0.243582742,,,,,,
1,2,1.33,1,1.69,1,4.1,,1,0.05659424,0,0.096644295,0,0.19989077,,,,,,
1,2,1.1,1,0.82,1,5.23,,1,0.044972208,0,0.038255034,0,0.26160568,,,,,,
1,2,2.41,1,4.71,2,10.14,,1,0.111167256,0,0.299328859,1,0.529765156,,,,,,
1,2,1.1,1,0.81,2,9.76,,1,0.044972208,0,0.037583893,1,0.509011469,,,,,,
1,2,1.06,1,0.55,2,9.37,,1,0.042950985,0,0.020134228,1,0.487711633,,,,,,
1,2,0.73,1,4.33,2,9,,1,0.026275897,0,0.273825503,1,0.467504096,,,,,,
1,2,0.72,1,4.31,2,8.97,,1,0.025770591,0,0.272483221,1,0.465865647,,,,,,
1,2,1.33,1,0.54,1,4.36,,1,0.05659424,0,0.019463087,0,0.214090661,,,,,,
1,2,2.41,1,0.27,2,8.94,,1,0.111167256,0,0.001342282,1,0.464227198,,,,,,
1,2,1.05,1,4.66,1,4.62,,1,0.04244568,0,0.295973154,0,0.228290552,,,,,,
1,2,1.08,1,1.69,2,9.25,,1,0.043961597,0,0.096644295,1,0.481157837,,,,,,
1,2,2.4,1,0.53,1,4.87,,1,0.11066195,0,0.018791946,0,0.241944293,,,,,,
1,2,1.05,1,1.68,1,5.19,,1,0.04244568,0,0.095973154,0,0.259421081,,,,,,
1,2,1.05,1,0.27,2,8.87,,1,0.04244568,0,0.001342282,1,0.460404151,,,,,,
1,2,1.05,1,4.29,2,8.84,,1,0.04244568,0,0.27114094,1,0.458765702,,,,,,
1,2,0.78,1,3.91,1,4.34,,1,0.028802425,0,0.245637584,0,0.212998362,,,,,,
1,2,1.08,1,3.9,1,5.17,,1,0.043961597,0,0.244966443,0,0.258328782,,,,,,
1,2,0.78,1,3.54,1,5.15,,1,0.028802425,0,0.220805369,0,0.257236483,,,,,,
1,2,0.78,1,3.87,1,3.78,,1,0.028802425,0,0.24295302,0,0.182413981,,,,,,
1,2,1.03,1,2,1,4.8,,1,0.041435068,0,0.117449664,0,0.238121245,,,,,,
1,2,2.05,1,2.33,1,4.77,,1,0.092976251,0,0.139597315,0,0.236482796,,,,,,
1,2,1.44,1,2.33,1,4.04,,1,0.062152602,0,0.139597315,0,0.196613872,,,,,,
1,2,1.29,1,0.26,1,4.02,,1,0.054573017,0,0.000671141,0,0.195521573,,,,,,
1,2,2.36,1,2.32,1,4.28,,1,0.108640728,0,0.138926174,0,0.209721464,,,,,,
1,2,1.29,1,0.27,2,9.46,,1,0.054573017,0,0.001342282,1,0.49262698,,,,,,
1,2,1.28,1,0.53,1,5.08,,1,0.054067711,0,0.018791946,0,0.253413435,,,,,,
1,2,1.28,1,1.98,2,9.09,,1,0.054067711,0,0.116107383,1,0.472419443,,,,,,
1,2,1.27,1,3.86,2,9.4,,1,0.053562405,0,0.242281879,1,0.489350082,,,,,,
1,2,1.01,1,0.26,1,5.41,,1,0.040424457,0,0.000671141,0,0.271436374,,,,,,
1,2,1.43,1,4.2,2,9.37,,1,0.061647297,0,0.265100671,1,0.487711633,,,,,,
1,2,1.27,1,2.3,1,4.53,,1,0.053562405,0,0.137583893,0,0.223375205,,,,,,
1,2,2.7,1,2.3,2,9,,1,0.125821122,0,0.137583893,1,0.467504096,,,,,,
1,2,2.35,1,0.53,2,8.97,,1,0.108135422,0,0.018791946,1,0.465865647,,,,,,
1,2,1.42,1,2.29,1,4.25,,1,0.061141991,0,0.136912752,0,0.208083015,,,,,,
1,2,1.01,1,0.52,1,5.05,,1,0.040424457,0,0.018120805,0,0.251774986,,,,,,
1,2,1.07,1,0.78,1,5.37,,1,0.043456291,0,0.03557047,0,0.269251775,,,,,,
1,2,1.42,1,2.28,2,8.94,,1,0.061141991,0,0.136241611,1,0.464227198,,,,,,
1,2,2.01,1,0.79,1,4.25,,1,0.090955028,0,0.036241611,0,0.208083015,,,,,,
1,2,1.06,1,1.04,1,4.23,,1,0.042950985,0,0.053020134,0,0.206990715,,,,,,
1,2,1.41,1,2.28,1,4.22,,1,0.060636685,0,0.136241611,0,0.206444566,,,,,,
1,2,2,1,1.3,1,4.21,,1,0.090449722,0,0.070469799,0,0.205898416,,,,,,
1,2,1.01,1,2.27,1,4.47,,1,0.040424457,0,0.13557047,0,0.220098307,,,,,,
1,2,0.76,1,1.29,2,8.58,,1,0.027791814,0,0.069798658,1,0.444565811,,,,,,
1,2,1.05,1,1.03,2,8.23,,1,0.04244568,0,0.052348993,1,0.425450573,,,,,,
1,2,0.7,1,3.83,2,7.87,,1,0.02475998,0,0.240268456,1,0.405789186,,,,,,
1,2,0.69,1,3.82,2,7.52,,1,0.024254674,0,0.239597315,1,0.386673949,,,,,,
1,2,0.75,1,1.03,2,7.82,,1,0.027286508,0,0.052348993,1,0.403058438,,,,,,
1,2,0.76,1,0.77,1,5.35,,1,0.027791814,0,0.034899329,0,0.268159476,,,,,,
1,2,0.75,1,3.46,1,4.19,,1,0.027286508,0,0.215436242,0,0.204806117,,,,,,
1,2,0.99,1,3.45,1,5.33,,1,0.039413845,0,0.214765101,0,0.267067176,,,,,,
1,2,1.99,1,0.76,1,3.92,,1,0.089944416,0,0.034228188,0,0.190060076,,,,,,
1,2,1,1,0.76,1,5.32,,1,0.039919151,0,0.034228188,0,0.266521027,,,,,,
1,2,0.99,1,0.76,1,3.9,,1,0.039413845,0,0.034228188,0,0.188967777,,,,,,
1,2,0.99,1,0.51,1,4.16,,1,0.039413845,0,0.017449664,0,0.203167668,,,,,,
1,2,1.23,1,3.09,2,7.79,,1,0.051541182,0,0.190604027,1,0.401419989,,,,,,
1,2,1.98,1,2.74,1,4.14,,1,0.089439111,0,0.167114094,0,0.202075369,,,,,,
1,2,1.48,1,2.73,1,4.13,,1,0.064173825,0,0.166442953,0,0.201529219,,,,,,
1,2,1.98,1,0.5,1,3.87,,1,0.089439111,0,0.016778523,0,0.187329328,,,,,,
1,2,1.23,1,0.76,1,5.63,,1,0.051541182,0,0.034228188,0,0.283451666,,,,,,
1,2,1.03,1,2.58,2,7.44,,1,0.041435068,0,0.156375839,1,0.382304752,,,,,,
1,2,2.3,1,2.57,2,7.1,,1,0.105608893,0,0.155704698,1,0.363735664,,,,,,
1,2,2.62,1,0.5,2,7.4,,1,0.121778676,0,0.016778523,1,0.380120153,,,,,,
1,2,2.62,1,2.38,1,5.61,,1,0.121778676,0,0.14295302,0,0.282359366,,,,,,
1,2,1.22,1,2.04,1,3.85,,1,0.051035877,0,0.120134228,0,0.186237029,,,,,,
1,2,0.98,1,2.37,1,3.59,,1,0.03890854,0,0.142281879,0,0.172037138,,,,,,
1,2,1.03,1,2.56,1,5.59,,1,0.041435068,0,0.155033557,0,0.281267067,,,,,,
1,2,0.73,1,0.5,1,3.33,,1,0.026275897,0,0.016778523,0,0.157837247,,,,,,
1,2,1.37,1,0.25,1,5.58,,1,0.058615462,0,0,0,0.280720918,,,,,,
1,2,2.93,1,2.36,1,3.32,,1,0.137443153,0,0.141610738,0,0.157291098,,,,,,
1,2,0.49,1,2.35,2,7.38,,1,0.01414856,0,0.140939597,1,0.379027854,,,,,,
1,2,1.37,2,0.25,1,3.3,,1,0.058615462,1,0,0,0.156198798,,,,,,
1,2,0.49,1,2.67,1,5.56,,1,0.01414856,0,0.162416107,0,0.279628618,,,,,,
1,2,0.48,1,2.56,1,3.29,,1,0.013643254,0,0.155033557,0,0.155652649,,,,,,
1,2,1.36,1,2.87,1,5.53,,1,0.058110157,0,0.175838926,0,0.277990169,,,,,,
1,2,0.48,1,2.54,1,2.77,,1,0.013643254,0,0.153691275,0,0.127252867,,,,,,
1,2,2.58,1,3,1,5.84,,1,0.119757453,0,0.184563758,0,0.294920808,,,,,,
1,2,1.7,1,2.21,2,7.34,,1,0.075290551,0,0.131543624,1,0.376843255,,,,,,
1,2,2.26,1,2.99,1,3.02,,1,0.103587671,0,0.183892617,0,0.140906608,,,,,,
1,2,1.69,1,0.25,2,7.62,,1,0.074785245,0,0,1,0.392135445,,,,,,
1,2,0.48,1,2.21,1,5.83,,1,0.013643254,0,0.131543624,0,0.294374659,,,,,,
1,2,2.57,1,0.49,1,3.25,,1,0.119252148,0,0.016107383,0,0.15346805,,,,,,
1,2,2.24,1,1.88,1,3.49,,1,0.102577059,0,0.109395973,0,0.166575642,,,,,,
1,2,2.02,1,3.31,2,7.28,,1,0.091460334,0,0.205369128,1,0.373566357,,,,,,
1,2,2.24,1,1.88,2,7.58,,1,0.102577059,0,0.109395973,1,0.389950847,,,,,,
1,2,0.24,1,0.49,1,5.81,,1,0.001515917,0,0.016107383,0,0.293282359,,,,,,
1,2,2.01,1,0.74,1,3.73,,1,0.090955028,0,0.032885906,0,0.179683233,,,,,,
1,2,0.48,1,1.56,2,7.55,,1,0.013643254,0,0.087919463,1,0.388312398,,,,,,
1,2,1.91,1,2.97,1,3.72,,1,0.085901971,0,0.182550336,0,0.179137084,,,,,,
1,2,2.34,1,2.96,1,3.47,,1,0.107630116,0,0.181879195,0,0.165483342,,,,,,
1,2,1.59,1,0.98,1,6.11,,1,0.069732188,0,0.048993289,0,0.309666849,,,,,,
1,2,2.67,1,1.87,2,7.21,,1,0.124305205,0,0.108724832,1,0.36974331,,,,,,
1,2,1.9,1,1.86,2,7.19,,1,0.085396665,0,0.108053691,1,0.36865101,,,,,,
1,2,1.89,1,1.22,1,3.21,,1,0.084891359,0,0.065100671,0,0.151283452,,,,,,
1,2,0.24,1,2.17,1,6.41,,1,0.001515917,0,0.12885906,0,0.326051338,,,,,,
1,2,2.65,1,2.47,2,7.17,,1,0.123294593,0,0.148993289,1,0.367558711,,,,,,
1,2,0.47,1,2.77,1,3.2,,1,0.013137948,0,0.169127517,0,0.150737302,,,,,,
1,2,2.2,1,2.45,1,3.44,,1,0.100555836,0,0.147651007,0,0.163844894,,,,,,
1,2,2.5,1,3.28,2,7.14,,1,0.115715008,0,0.203355705,1,0.365920262,,,,,,
1,2,2.5,1,2.45,1,3.43,,1,0.115715008,0,0.147651007,0,0.163298744,,,,,,
1,2,0.24,1,1.21,1,3.42,,1,0.001515917,0,0.06442953,0,0.162752594,,,,,,
1,2,2.31,1,0.97,1,3.41,,1,0.106114199,0,0.048322148,0,0.162206445,,,,,,
1,2,2.64,1,2.95,1,3.4,,1,0.122789288,0,0.181208054,0,0.161660295,,,,,,
1,2,2.49,1,2.6,1,3.4,,1,0.115209702,0,0.157718121,0,0.161660295,,,,,,
1,2,0.24,1,2.6,1,3.15,,1,0.001515917,0,0.157718121,0,0.148006554,,,,,,
1,2,0.47,1,0.96,1,6.39,,1,0.013137948,0,0.047651007,0,0.324959039,,,,,,
1,2,2.8,1,0.96,1,2.9,,1,0.130874179,0,0.047651007,0,0.134352813,,,,,,
1,2,2.48,1,0.96,1,6.69,,1,0.114704396,0,0.047651007,0,0.341343528,,,,,,
1,2,2.3,1,0.97,2,7.43,,1,0.105608893,0,0.048322148,1,0.381758602,,,,,,
1,2,2.62,1,0.96,1,6.35,,1,0.121778676,0,0.047651007,0,0.32277444,,,,,,
1,2,2.46,1,0.96,1,6.33,,1,0.113693785,0,0.047651007,0,0.321682141,,,,,,
1,2,0.71,1,0.95,1,2.9,,1,0.025265285,0,0.046979866,0,0.134352813,,,,,,
1,2,2.15,1,0.71,1,3.12,,1,0.098029308,0,0.030872483,0,0.146368105,,,,,,
1,2,2.29,1,2.91,2,7.41,,1,0.105103588,0,0.17852349,1,0.380666303,,,,,,
1,2,1.96,1,2.44,1,3.35,,1,0.088428499,0,0.146979866,0,0.158929547,,,,,,
1,2,1.62,1,0.95,2,7.38,,1,0.071248105,0,0.046979866,1,0.379027854,,,,,,
1,2,1.29,1,2.43,1,3.11,,1,0.054573017,0,0.146308725,0,0.145821955,,,,,,
1,2,0.97,1,0.95,1,6,,1,0.038403234,0,0.046979866,0,0.303659203,,,,,,
1,2,0.97,1,0.71,1,5.97,,1,0.038403234,0,0.030872483,0,0.302020754,,,,,,
1,2,0.71,1,2.59,1,2.86,,1,0.025265285,0,0.15704698,0,0.132168214,,,,,,
1,2,0.7,1,2.25,1,5.95,,1,0.02475998,0,0.134228188,0,0.300928454,,,,,,
1,2,0.7,1,2.24,1,2.86,,1,0.02475998,0,0.133557047,0,0.132168214,,,,,,
1,2,0.46,1,0.95,1,2.85,,1,0.012632643,0,0.046979866,0,0.131622064,,,,,,
1,2,0.96,1,2.42,1,2.85,,1,0.037897928,0,0.145637584,0,0.131622064,,,,,,
1,2,0.7,1,1.18,1,2.83,,1,0.02475998,0,0.062416107,0,0.130529765,,,,,,
1,2,2.14,1,2.71,1,2.6,,1,0.097524002,0,0.165100671,0,0.117968323,,,,,,
1,2,0.46,1,3.01,1,6.25,,1,0.012632643,0,0.185234899,0,0.317312944,,,,,,
1,2,0.64,1,3,2,7.37,,1,0.021728146,0,0.184563758,1,0.378481704,,,,,,
1,2,0.95,1,1.18,1,2.82,,1,0.037392623,0,0.062416107,0,0.129983616,,,,,,
1,2,1.83,1,1.17,2,7.65,,1,0.081859525,0,0.061744966,1,0.393773894,,,,,,
1,2,0.95,1,1.4,1,5.92,,1,0.037392623,0,0.077181208,0,0.299290005,,,,,,
1,2,0.23,1,2.69,1,5.9,,1,0.001010611,0,0.163758389,0,0.298197706,,,,,,
1,2,0.63,1,2.24,1,2.82,,1,0.02122284,0,0.133557047,0,0.129983616,,,,,,
1,2,0.63,1,1.63,1,3.05,,1,0.02122284,0,0.09261745,0,0.142545057,,,,,,
1,2,0.46,1,2.39,2,7.62,,1,0.012632643,0,0.143624161,1,0.392135445,,,,,,
1,2,1.83,1,1.91,1,3.04,,1,0.081859525,0,0.111409396,0,0.141998908,,,,,,
1,2,0.7,1,1.91,1,3.03,,1,0.02475998,0,0.111409396,0,0.141452758,,,,,,
1,2,1.83,1,1.63,1,3.03,,1,0.081859525,0,0.09261745,0,0.141452758,,,,,,
1,2,0.91,1,1.62,1,3.01,,1,0.0353714,0,0.091946309,0,0.140360459,,,,,,
1,2,1.82,1,1.62,1,2.78,,1,0.081354219,0,0.091946309,0,0.127799017,,,,,,
1,2,0.91,1,1.62,1,6.19,,1,0.0353714,0,0.091946309,0,0.314036046,,,,,,
1,2,1.14,1,1.61,2,7.6,,1,0.046993431,0,0.091275168,1,0.391043146,,,,,,
1,2,1.81,1,1.84,1,2.54,,1,0.080848914,0,0.106711409,0,0.114691425,,,,,,
1,2,0.91,1,2.08,1,6.48,,1,0.0353714,0,0.122818792,0,0.329874386,,,,,,
1,2,0.31,1,1.9,2,7.57,,1,0.005053057,0,0.110738255,1,0.389404697,,,,,,
1,2,0.31,1,1.84,1,2.77,,1,0.005053057,0,0.106711409,0,0.127252867,,,,,,
1,2,0.91,1,1.83,2,7.85,,1,0.0353714,0,0.106040268,1,0.404696887,,,,,,
1,2,0.68,1,1.6,1,6.77,,1,0.023749368,0,0.090604027,0,0.345712725,,,,,,
1,2,0.68,1,2.37,1,6.75,,1,0.023749368,0,0.142281879,0,0.344620426,,,,,,
1,2,0.45,1,2.66,1,2.29,,1,0.012127337,0,0.161744966,0,0.101037684,,,,,,
1,2,0.31,1,2.95,1,6.73,,1,0.005053057,0,0.181208054,0,0.343528127,,,,,,
1,2,1.51,1,2.94,1,2.29,,1,0.065689742,0,0.180536913,0,0.101037684,,,,,,
1,2,0.31,1,1.36,1,2.28,,1,0.005053057,0,0.074496644,0,0.100491535,,,,,,
1,2,0.68,1,1.88,1,2.28,,1,0.023749368,0,0.109395973,0,0.100491535,,,,,,
1,2,1.5,1,1.59,1,2.05,,1,0.065184437,0,0.089932886,0,0.087930093,,,,,,
1,2,0.91,1,2.63,1,6.71,,1,0.0353714,0,0.159731544,0,0.342435827,,,,,,
1,2,1.5,1,2.19,1,2.27,,1,0.065184437,0,0.130201342,0,0.099945385,,,,,,
1,2,1.12,1,2.64,2,7.5,,1,0.04598282,0,0.160402685,1,0.385581649,,,,,,
1,2,1.49,1,1.82,2,7.78,,1,0.064679131,0,0.105369128,1,0.400873839,,,,,,
1,2,1.35,1,2.92,1,6.69,,1,0.057604851,0,0.179194631,0,0.341343528,,,,,,
1,2,1.49,1,3.2,1,2.04,,1,0.064679131,0,0.197986577,0,0.087383943,,,,,,
1,2,1.12,1,3.19,1,6.67,,1,0.04598282,0,0.197315436,0,0.340251229,,,,,,
1,1,0.31,1,3.46,1,6.65,,0,0.005053057,0,0.215436242,0,0.33915893,,,,,,
1,1,0.3,1,3.17,1,1.81,,0,0.004547751,0,0.195973154,0,0.074822501,,,,,,
1,2,0.9,1,2.5,1,1.8,,1,0.034866094,0,0.151006711,0,0.074276352,,,,,,
1,1,0.61,1,2.88,1,1.8,,0,0.020212228,0,0.176510067,0,0.074276352,,,,,,
1,1,0.61,1,2.49,1,2.01,,0,0.020212228,0,0.15033557,0,0.085745494,,,,,,
1,2,0.67,1,1.8,2,8.06,,1,0.023244063,0,0.104026846,1,0.416166029,,,,,,
1,1,0.61,1,2.79,1,6.33,,0,0.020212228,0,0.170469799,0,0.321682141,,,,,,
1,2,0.67,1,2.58,1,6.3,,1,0.023244063,0,0.156375839,0,0.320043692,,,,,,
1,2,0.66,1,2.47,1,2.01,,1,0.022738757,0,0.148993289,0,0.085745494,,,,,,
1,2,0.88,1,2.15,1,2,,1,0.033855483,0,0.127516779,0,0.085199345,,,,,,
1,2,1.48,1,1.85,1,2.22,,1,0.064173825,0,0.10738255,0,0.097214637,,,,,,
1,2,0.89,1,1.53,2,8.33,,1,0.034360788,0,0.08590604,1,0.43091207,,,,,,
1,2,0.66,1,1.83,1,6.58,,1,0.022738757,0,0.106040268,0,0.335335882,,,,,,
1,1,0.31,1,2.86,2,8.6,,0,0.005053057,0,0.175167785,1,0.44565811,,,,,,
1,2,1.19,1,3.14,1,6.87,,1,0.04951996,0,0.193959732,0,0.351174222,,,,,,
1,2,1.18,1,1.58,1,2,,1,0.049014654,0,0.089261745,0,0.085199345,,,,,,
1,2,0.88,1,1.52,1,7.15,,1,0.033855483,0,0.085234899,0,0.366466412,,,,,,
1,2,1.17,1,1.52,2,8.85,,1,0.048509348,0,0.085234899,1,0.459311851,,,,,,
1,2,0.66,1,1.34,1,6.83,,1,0.022738757,0,0.073154362,0,0.348989623,,,,,,
1,2,0.87,1,2.83,2,8.53,,1,0.033350177,0,0.173154362,1,0.441835063,,,,,,
1,2,0.88,1,1.81,2,8.21,,1,0.033855483,0,0.104697987,1,0.424358274,,,,,,
1,2,0.3,1,1.12,2,7.9,,1,0.004547751,0,0.058389262,1,0.407427635,,,,,,
1,2,1.17,1,1.5,2,8.17,,1,0.048509348,0,0.083892617,1,0.422173676,,,,,,
1,2,1.17,1,1.5,1,7.37,,1,0.048509348,0,0.083892617,0,0.378481704,,,,,,
1,2,1.09,1,1.12,2,8.43,,1,0.044466902,0,0.058389262,1,0.436373566,,,,,,
1,2,1.16,1,1.11,1,7.65,,1,0.048004042,0,0.057718121,0,0.393773894,,,,,,
1,2,1.08,1,1.12,2,8.11,,1,0.043961597,0,0.058389262,1,0.418896778,,,,,,
1,2,1.09,1,1.34,2,8.38,,1,0.044466902,0,0.073154362,1,0.433642818,,,,,,
1,2,0.87,1,2.54,1,7.62,,1,0.033350177,0,0.153691275,0,0.392135445,,,,,,
1,2,0.3,1,1.79,1,2.21,,1,0.004547751,0,0.103355705,0,0.096668487,,,,,,
1,2,0.86,1,2.81,2,8.65,,1,0.032844871,0,0.171812081,1,0.448388859,,,,,,
1,2,0.65,1,3.09,1,7.6,,1,0.022233451,0,0.190604027,0,0.391043146,,,,,,
1,2,0.6,1,2.8,1,1.99,,1,0.019706923,0,0.17114094,0,0.084653195,,,,,,
1,2,0.87,1,1.79,1,7.58,,1,0.033350177,0,0.103355705,0,0.389950847,,,,,,
1,2,0.89,1,1.55,1,1.99,,1,0.034360788,0,0.087248322,0,0.084653195,,,,,,
1,2,0.87,1,2.8,1,1.98,,1,0.033350177,0,0.17114094,0,0.084107045,,,,,,
1,2,0.43,1,1.77,1,2.19,,1,0.011116726,0,0.102013423,0,0.095576188,,,,,,
1,2,0.59,1,2.78,2,8.62,,1,0.019201617,0,0.169798658,1,0.44675041,,,,,,
1,2,0.89,1,1.77,1,1.97,,1,0.034360788,0,0.102013423,0,0.083560896,,,,,,
1,2,0.87,1,1.76,1,7.85,,1,0.033350177,0,0.101342282,0,0.404696887,,,,,,
1,2,0.43,1,1.54,2,8.59,,1,0.011116726,0,0.086577181,1,0.445111961,,,,,,
1,2,0.43,1,2.08,1,2.18,,1,0.011116726,0,0.122818792,0,0.095030038,,,,,,
1,2,0.21,1,2.78,2,8.28,,1,0,0,0.169798658,1,0.428181322,,,,,,
1,2,0.59,1,1.76,2,8.26,,1,0.019201617,0,0.101342282,1,0.427089022,,,,,,
1,2,0.29,1,2.78,1,1.96,,1,0.004042446,0,0.169798658,0,0.083014746,,,,,,
1,2,0.59,1,1.53,1,7.82,,1,0.019201617,0,0.08590604,0,0.403058438,,,,,,
1,2,0.86,1,1.78,1,1.96,,1,0.032844871,0,0.102684564,0,0.083014746,,,,,,
1,2,0.3,1,1.47,1,2.16,,1,0.004547751,0,0.081879195,0,0.093937739,,,,,,
1,2,0.29,1,1.31,2,8.24,,1,0.004042446,0,0.07114094,1,0.425996723,,,,,,
1,1,0.21,1,1.17,1,1.95,,0,0,0,0.061744966,0,0.082468596,,,,,,
1,1,0.28,1,2.76,1,7.78,,0,0.00353714,0,0.168456376,0,0.400873839,,,,,,
1,2,0.57,1,3.03,1,1.73,,1,0.018191006,0,0.186577181,0,0.070453304,,,,,,
1,2,0.85,1,1.3,2,8.48,,1,0.032339565,0,0.070469799,1,0.439104315,,,,,,
1,2,1.13,1,1.46,1,8.02,,1,0.046488125,0,0.081208054,0,0.413981431,,,,,,
1,2,1.14,1,1.52,2,8.73,,1,0.046993431,0,0.085234899,1,0.452758056,,,,,,
1,1,0.22,1,2.74,1,8.28,,0,0.000505306,0,0.167114094,0,0.428181322,,,,,,
,,,,,,,,,,,,,,,,,,,
,,,,,,,,,,,,,,,,,,,
,,,,,,,,,,,,,,,,,,,
